state,0,1,2,3,4,5,6
   x   ,0.0,0.0,0.0,0.0,0.0,0.0,0.0
  o x   ,0.0,0.0,0.0,0.0,0.0,0.0,0.0
  ox x   ,0.0,0.0,0.0,0.0,0.0,-0.6,0.0
  ox x  o ,0.0,0.0,0.0,0.0,0.0,0.0,0.0
 x ox x  o ,0.0,0.0,0.0,0.0,-1.2,0.0,0.0
 x ox x o o ,0.0,0.0,0.0,0.0,0.0,0.0,0.0
 x ox x ox o ,0.0,-1.7999999999999998,0.0,0.0,0.0,0.0,0.0
 xo ox x ox o ,0.0,0.0,0.0,0.0,0.0,0.0,0.0
 xox ox x ox o ,0.0,0.0,0.0,0.0,0.0,0.0,-3.3
 xox ox x ox o o,0.0,0.0,0.0,0.0,0.0,0.0,0.0
 xox ox x ox ox o,0.0,0.0,0.0,0.0,-4.2,0.0,0.0
 xox ox x oxo ox o,0.0,0.0,0.0,0.0,0.0,0.0,0.0
o  x x   ,0.0,0.0,0.0,-1.2,0.0,0.0,0.0
o  x xo   ,0.0,0.0,0.0,0.0,0.0,0.0,0.0
o x x xo   ,0.0,-0.3,0.0,0.0,0.0,0.0,0.0
o xo x xo   ,0.0,0.0,0.0,0.0,0.0,0.0,0.0
oo xxx      ,0.0,0.0,0.0,0.0,0.0,-1.5,-1.5
oo xxx     o ,0.0,0.0,0.0,0.0,0.0,0.0,0.0
    x   ,0.0,0.0,0.0,0.0,0.0,0.0,0.0
    x  o ,0.0,0.0,0.0,0.0,0.0,0.0,0.0
  x     ,0.0,0.0,0.0,0.0,0.0,0.0,0.0
  xo     ,0.0,0.0,0.0,0.0,0.0,0.0,0.0
xo x      ,0.0,0.0,0.0,0.0,0.0,-0.6,-0.6
xo x    o  ,0.0,0.0,0.0,0.0,0.0,0.0,0.0
oo xxx    o  ,0.0,0.0,0.0,0.0,0.0,0.0,0.0
oo x x x    ,0.0,0.0,-0.738,0.0,0.6,0.0,0.0
oo x x x o   ,0.0,0.0,0.0,0.0,0.0,0.0,0.0
ooox xx x x o   ,0.0,0.0,-0.6,0.0,0.0,0.0,0.0
ooox xx xo x o   ,0.0,0.0,0.0,0.0,0.0,0.0,0.0
ooox xxx xo x o   ,0.0,0.0,0.0,-2.1,0.0,0.0,0.0
ooox xxx xo xo o   ,0.0,0.0,0.0,0.0,0.0,0.0,0.0
 x      ,0.0,0.0,0.0,0.0,0.0,0.0,0.0
 x    o  ,0.762,0.6,0.0,0.0,0.0,0.0,0.0
 x x   o  ,-0.6,0.0,0.0,0.0,0.0,0.0,0.0
o x x   o  ,0.0,0.0,0.0,0.0,0.0,0.0,0.0
o  x     ,0.0,0.0,0.0,0.0,0.0,0.0,0.0
oo  xxx     ,0.0,0.0,0.0,-2.55,0.0,0.0,0.0
oo  xxx o    ,0.0,0.0,0.0,0.0,0.0,0.0,0.0
   x    ,0.0,0.0,0.0,0.0,0.0,0.0,0.0
  o x    ,0.0,0.0,0.0,0.0,0.0,0.0,0.0
o  o x x x  ,0.0,0.0,-0.8999999999999999,0.0,0.0,0.0,0.0
o  oo x x x  ,0.0,0.0,0.0,0.0,0.0,0.0,0.0
      x ,0.0,0.0,0.0,0.0,0.0,0.0,0.0
o      x ,0.0,0.0,0.0,0.6,0.0,0.0,0.0
o     x x ,0.162,0.0,0.0,0.6,0.0,0.0,0.162
o   o  x x ,0.0,0.0,0.0,0.0,0.0,0.0,0.0
oo   o x x xx ,0.0,0.0,0.0,1.7999999999999998,0.0,0.0,0.0
oo   oo x x xx ,0.0,0.0,0.0,0.0,0.0,0.0,0.0
ox x      ,-0.6,0.0,0.0,0.0,0.0,0.0,0.0
oxo x      ,0.0,0.0,0.0,0.0,0.0,0.0,0.0
 o   x   ,0.0,0.0,0.6,0.0,0.0,0.0,0.0
o o   xxx   ,0.0,-0.3,0.0,0.0,0.0,0.0,0.0
o oo   xxx   ,0.0,0.0,0.0,0.0,0.0,0.0,0.0
o      xx ,0.0,0.0,0.0,0.0,0.0,0.0,0.0
oo      xx ,0.0,0.0,0.0,0.0,0.0,0.0,0.0
oo     x x ,0.0,0.0,0.0,0.0,0.0,0.0,0.0
   x  o  ,0.0,0.0,0.0,0.0,0.6,0.0,0.0
   o x   ,0.0,0.0,0.0,0.0,0.0,0.0,0.0
oo     xxx  ,0.0,0.0,0.0,0.0,-1.5,0.0,-1.5
oo    o xxx  ,0.0,0.0,0.0,0.0,0.0,0.0,0.0
 x  o    ,0.0,0.0,0.0,0.0,0.0,0.0,0.0
xoo x x     ,0.0,0.0,-0.8999999999999999,0.0,0.0,0.0,-1.5
xoo x x    o ,0.0,0.0,0.0,0.0,0.0,0.0,0.0
oo x xo x    ,0.0,0.0,0.0,0.0,0.0,0.0,0.0
oxxo xox      ,-1.2,0.0,0.0,0.0,0.0,0.0,0.0
oxxoo xox      ,0.0,0.0,0.0,0.0,0.0,0.0,0.0
oxxooo xoxxxo x     ,0.0,0.0,0.0,0.0,-1.2,0.0,0.0
oxxooo xoxxxo x  o   ,0.0,0.0,0.0,0.0,0.0,0.0,0.0
oo     xxx o ,0.0,0.0,0.0,0.0,0.0,0.0,0.0
 o  x    ,0.0,0.0,0.0,0.0,0.0,0.0,0.0
 o  x x   ,0.0,0.0,0.0,0.0,0.0,0.0,-0.6
 o  x x  o ,0.0,0.0,0.0,0.0,0.0,0.0,0.0
o  xx     ,0.0,0.0,0.0,-0.6,0.0,0.0,0.0
o  xx o    ,0.0,0.0,0.0,0.0,0.0,0.0,0.0
   o   x ,0.0,0.0,0.0,0.0,0.0,0.0,0.0
o    x x  ,0.0,-0.6,0.0,0.0,-1.2,0.0,0.0
o o   x x  ,0.0,0.0,0.0,0.0,0.0,0.0,0.0
o o  x x x  ,0.0,0.0,0.0,-3.0,0.0,0.0,0.0
o o  xo x x  ,0.0,0.0,0.0,0.0,0.0,0.0,0.0
xoo x xo     ,0.0,0.0,0.0,0.0,0.0,0.0,0.0
oo   o x xx x ,0.0,0.0,0.0,0.0,0.0,0.0,1.2
oo   o x xx xo ,0.0,0.0,0.0,0.0,0.0,0.0,0.0
oo   o x xx xox ,0.0,0.0,0.0,0.0,0.0,0.0,1.7999999999999998
oo   o x xx xoxo ,0.0,0.0,0.0,0.0,0.0,0.0,0.0
oo   o x xxx xoxo ,0.0,0.0,0.0,0.0,0.0,0.0,-1.5
oo   o x xxx xoxoo ,0.0,0.0,0.0,0.0,0.0,0.0,0.0
o    x   ,0.0,0.0,0.0,1.962,0.6,0.0,0.0
o    xx   ,0.0,0.0,0.0,0.0,0.0,0.0,0.0
o    xxo   ,0.0,0.0,0.0,0.0,0.0,0.0,0.0
oo   x xxo x  ,0.0,0.0,-0.8999999999999999,0.0,0.0,0.0,0.0
oo  o x xxo x  ,0.0,0.0,0.0,0.0,0.0,0.0,0.0
x       ,0.0,0.0,0.0,0.0,0.0,0.0,0.0
x   o    ,0.0,0.0,0.0,0.0,0.0,0.0,0.0
xoo xx x o    ,1.5,0.0,0.0,0.0,0.0,0.0,0.0
xooo xx x o    ,0.0,0.0,0.0,0.0,0.0,0.0,0.0
xoooxo xxxoxo x ox    ,0.0,0.0,0.0,-0.6,0.0,0.0,0.0
xoooxo xxxoxo x oxo    ,0.0,0.0,0.0,0.0,0.0,0.0,0.0
o     x xo ,0.0,0.0,0.0,0.0,0.0,0.0,0.0
 xx  o    ,0.0,0.0,0.0,0.0,0.0,0.0,0.0
 xx  o   o ,0.0,0.0,0.0,0.0,0.0,0.0,0.0
o    xo x  ,0.0,0.0,0.0,0.0,0.0,0.0,0.0
x o      ,0.6,0.0,0.0,0.0,0.0,0.0,0.0
x ox      ,0.0,0.0,0.0,0.0,0.0,0.0,0.0
x ox o     ,0.0,0.0,0.0,0.0,0.0,0.0,0.0
xxoo ox oxx     ,0.0,0.0,0.0,0.0,0.0,0.0,-3.6
xxoo ox oxx    o ,0.0,0.0,0.0,0.0,0.0,0.0,0.0
ooox   ox x x x ,0.0,0.0,0.0,0.0,0.0,0.6,0.0
ooox   ox x xo x ,0.0,0.0,0.0,0.0,0.0,0.0,0.0
oooxo   oxx xx xo x ,0.0,0.0,0.0,0.0,0.0,0.0,0.0
oooxo   oxx xx xoo x ,0.0,0.0,0.0,0.0,0.0,0.0,0.0
xo x     o ,0.0,0.0,0.0,0.0,0.0,0.0,0.0
xo x x    o ,0.0,-1.5,-1.5,0.0,0.0,0.0,0.0
xo xo x    o ,0.0,0.0,0.0,0.0,0.0,0.0,0.0
       ,0.0,0.0,0.0,0.0,0.0,0.0,0.0
 o x  x   ,0.0,0.0,0.0,0.0,0.0,0.0,0.0
x   xo o   ,0.0,0.0,0.0,0.6,0.0,0.0,0.0
x   xox o   ,0.0,0.0,0.0,0.0,0.0,0.0,0.0
     x  ,0.0,0.0,0.0,0.0,0.0,0.0,0.0
xx  o o o x  ,0.0,0.0,0.0,-0.3,0.0,-0.3,0.0
xx  o o o xx  ,0.0,0.0,0.0,0.0,0.0,0.0,0.0
  x   o  ,0.0,0.0,0.6,0.0,0.0,0.0,0.0
  xx   o  ,0.0,0.0,0.0,0.0,0.0,0.0,0.0
  xx  o o  ,0.6,0.0,0.0,0.0,0.0,0.0,0.0
x  xx  o o  ,0.0,0.0,0.0,0.0,0.0,0.0,0.0
xxxo      oo ,0.0,0.0,0.0,0.0,0.0,-0.6,0.0
xxxo     x oo ,0.0,0.0,0.0,0.0,0.0,0.0,0.0
xxxo     x ooo ,0.0,0.0,-0.3,0.0,0.0,0.0,0.0
xxxo  x   x ooo ,0.0,0.0,0.0,0.0,0.0,0.0,0.0
xxxox    ooo   ,0.0,0.0,0.0,0.0,0.0,-2.1,0.0
xxxox    ooo x  ,0.0,0.0,0.0,0.0,0.0,0.0,0.0
x o     x ,0.0,0.0,0.0,0.0,0.0,0.0,0.0
x    o   ,0.6,1.33914,0.0,0.0,0.0,0.0,0.0
x    ox   ,0.0,0.0,0.0,0.0,0.0,0.0,0.0
xx      oo ,0.0,0.0,0.6,0.0,0.52974,0.0,1.962
xx  x    oo ,0.0,0.0,0.0,0.0,0.0,0.0,0.0
xx  x    ooo ,0.0,0.0,0.0,0.0,0.0,-0.3,0.0
xx  x   x ooo ,0.0,0.0,0.0,0.0,0.0,0.0,0.0
x      o ,1.3509498,0.0,0.80574,0.6,0.0,0.20574,0.0
x   x   o ,0.0,0.0,0.0,0.0,0.0,0.0,0.0
xxxox o o o    ,-2.7,0.0,0.0,0.0,0.0,-2.1,0.0
xxxoxx o o o    ,0.0,0.0,0.0,0.0,0.0,0.0,0.0
    o x  ,0.0,0.0,0.0,0.0,0.0,0.0,0.0
  x  o x  ,0.0,0.0,0.0,0.0,0.0,0.0,0.0
x  x  oo xo  ,-0.6,0.0,0.0,0.0,0.0,0.0,0.0
xx  x  oo xo  ,0.0,0.0,0.0,0.0,0.0,0.0,0.0
xx  x  ooo xo  ,0.0,0.0,0.0,-1.2,0.0,0.0,0.0
xx  x x ooo xo  ,0.0,0.0,0.0,0.0,0.0,0.0,0.0
x   ox    ,0.0,0.0,0.0,0.0,0.0,0.0,0.0
xxxo   x o o o ,0.0,0.0,0.0,1.7999999999999998,0.0,0.0,0.0
xxxo   xx o o o ,0.0,0.0,0.0,0.0,0.0,0.0,0.0
xx      o ,0.0,0.0,0.0,0.0,0.0,0.0,0.0
xxxo     o o ,0.0,0.6,0.0,0.0,0.0,0.0,0.0
xxxo x    o o ,0.0,0.0,0.0,0.0,0.0,0.0,0.0
xxxo oo      ,0.0,0.0,0.0,0.0,-0.6,0.0,0.0
xxxo oo   x   ,0.0,0.0,0.0,0.0,0.0,0.0,0.0
   x x o  ,0.0,0.0,0.0,0.0,0.0,0.0,0.0
   x xo o  ,0.0,0.0,0.0,1.2,0.0,0.0,0.0
   xx xo o  ,0.0,0.0,0.0,0.0,0.0,0.0,0.0
x   xxo xo o o ,0.0,0.0,0.0,0.0,0.0,1.2,0.0
x   xxo xo ox o ,0.0,0.0,0.0,0.0,0.0,0.0,0.0
x   xxo xoo ox o ,0.0,0.0,0.0,0.0,0.0,0.0,-0.6
x   xxo xoo ox ox ,0.0,0.0,0.0,0.0,0.0,0.0,0.0
x   xxo xoo oxo ox ,0.0,0.0,0.0,-2.4,0.0,0.0,0.0
x   xxox xoo oxo ox ,0.0,0.0,0.0,0.0,0.0,0.0,0.0
x  o     ,0.0,0.0,0.0,0.0,0.0,0.0,0.0
x  ox     ,0.0,0.0,0.0,0.0,0.0,0.0,0.0
x     o  ,0.973023306,1.3815678,0.6,0.762,0.87248704014,0.3309497999999999,0.486423306
x  x   o  ,0.0,0.0,0.0,0.0,0.0,0.0,0.0
x  x  o o  ,0.0,0.0,0.0,1.5,0.0,0.0,0.0
x  x x o o  ,0.0,0.0,0.0,0.0,0.0,0.0,0.0
xox o      ,0.0,0.0,0.0,0.0,0.0,0.0,-0.6
xox o     x ,0.0,0.0,0.0,0.0,0.0,0.0,0.0
xxxo  o o    ,-1.7999999999999998,0.0,0.0,0.0,-0.6,0.0,0.0
xxxox  o o    ,0.0,0.0,0.0,0.0,0.0,0.0,0.0
xxxox o o o  x  ,0.0,0.0,0.0,0.0,0.0,0.0,0.0
xxxo  o o x   ,0.0,0.0,0.0,0.0,0.0,0.0,0.0
xxxo o o o x   ,0.0,0.0,0.0,0.0,0.0,0.0,0.0
xxxo o o ox x   ,0.0,0.0,0.0,0.0,0.0,0.0,0.0
xxxox o oo oxo x   ,-4.2,0.0,0.0,0.0,0.0,0.0,0.0
xxxoxx o oo oxo x   ,0.0,0.0,0.0,0.0,0.0,0.0,0.0
xx o      ,0.0,0.0,0.0,0.0,0.0,0.0,0.0
xx o o     ,0.0,0.0,0.0,0.0,0.0,0.0,0.0
xx o o   x  ,0.0,0.0,0.0,0.0,0.0,0.0,0.0
      xo ,0.0,0.0,0.0,0.0,0.6,0.0,0.0
    x  xo ,0.0,0.0,0.0,0.0,0.0,0.0,0.0
xx   ooo x   ,0.0,0.0,0.0,0.0,-0.8999999999999999,0.0,0.0
xx   ooo xx   ,0.0,0.0,0.0,0.0,0.0,0.0,0.0
xx      oox ,0.0,0.0,0.0,0.0,0.0,0.0,0.0
xx     o oox ,2.7,0.0,2.529,0.0,0.0,0.0,0.0
xxx     o oox ,0.0,0.0,0.0,0.0,0.0,0.0,0.0
xx  x   o oox ,0.0,0.0,0.0,0.0,0.0,0.0,0.0
xx  x  o o oox ,0.0,0.0,0.0,3.3,0.0,0.0,0.0
xx  x x o o oox ,0.0,0.0,0.0,0.0,0.0,0.0,0.0
xxxox o xo x o o oox ,0.0,0.0,0.0,0.0,0.0,0.0,0.0
xxxox o xo x o ox oox ,0.0,0.0,0.0,0.0,0.0,0.0,0.0
 xx    o  ,0.0,0.0,0.0,0.0,0.0,0.0,0.0
x xx   o o o ,0.0,0.0,0.0,2.7,0.0,0.0,0.0
x xx  x o o o ,0.0,0.0,0.0,0.0,0.0,0.0,0.0
xx xx o x o oo o ,0.0,0.0,0.0,4.5,0.0,0.0,0.0
xx xx o xx o oo o ,0.0,0.0,0.0,0.0,0.0,0.0,0.0
xxxo xx oo xx o oo o ,0.0,0.0,0.0,0.0,0.0,0.0,1.7999999999999998
xxxo xx oo xx o oo ox ,0.0,0.0,0.0,0.0,0.0,0.0,0.0
xxxo xx ooo xx o oo ox ,0.0,0.0,0.0,1.2,0.0,0.0,0.0
xxxo xx ooo xxx o oo ox ,0.0,0.0,0.0,0.0,0.0,0.0,0.0
x    x o  ,0.0,0.0,0.0,0.0,0.0,0.0,0.0
x    x o o ,0.0,0.0,0.0,0.0,0.6,0.0,0.0
x    xx o o ,0.0,0.0,0.0,0.0,0.0,0.0,0.0
x    o  x ,0.0,0.0,0.0,0.0,0.0,0.0,0.0
x o x x o o  ,0.0,0.0,0.0,0.0,0.0,0.0,0.0
x o x x o ox  ,0.0,0.0,0.0,0.0,0.0,0.0,0.0
x o x x o ox o ,0.0,0.0,0.0,0.0,0.0,0.0,1.2
x o x x o ox ox ,0.0,0.0,0.0,0.0,0.0,0.0,0.0
x o x xo o ox ox ,0.0,0.0,0.0,0.0,1.2,0.0,0.0
x o x xo ox ox ox ,0.0,0.0,0.0,0.0,0.0,0.0,0.0
xx    o   ,0.0,0.0,0.0,0.0,0.0,0.0,0.0
xx   o o   ,0.0,0.0,0.0,0.0,0.0,0.0,0.0
xx   o o x  ,0.0,0.0,0.0,0.0,0.0,0.0,0.0
xx  o ox o x  ,0.0,0.0,0.0,0.0,0.0,0.0,0.0
xxxox ooo      ,0.0,0.0,0.0,0.0,0.0,0.0,-3.9
xxxox ooo     x ,0.0,0.0,0.0,0.0,0.0,0.0,0.0
x x    o  ,0.0,0.0,0.0,0.0,0.0,0.0,0.0
xoxx o o     ,0.3,0.0,0.0,0.0,0.0,0.0,0.0
xoxxx o o     ,0.0,0.0,0.0,0.0,0.0,0.0,0.0
x     ox  ,0.0,0.0,0.0,0.0,0.0,0.0,0.0
x     x o ,0.0,0.0,0.0,0.0,0.0,0.0,0.0
xx     xo oo ,0.0,0.0,0.0,0.0,0.0,0.0,0.0
xx    x xo oo ,0.0,0.0,0.0,0.0,0.0,0.0,0.0
xx    xo xo oo ,0.0,0.0,0.6,0.0,0.0,0.0,0.0
xx  x  xo xo oo ,0.0,0.0,0.0,0.0,0.0,0.0,0.0
xx  x o xo xo oo ,0.0,0.0,0.0,0.0,-2.1,0.0,0.0
xx  x o xox xo oo ,0.0,0.0,0.0,0.0,0.0,0.0,0.0
x    xo o  ,0.0,0.0,1.2,0.0,0.0,0.0,0.0
x  x  xo o  ,0.0,0.0,0.0,0.0,0.0,0.0,0.0
x  x  xo oo  ,0.0,1.2,0.0,0.0,0.0,0.0,0.0
x x x  xo oo  ,0.0,0.0,0.0,0.0,0.0,0.0,0.0
x x x o xo oo  ,0.0,0.0,-0.6,0.0,0.0,0.0,0.0
x x xx o xo oo  ,0.0,0.0,0.0,0.0,0.0,0.0,0.0
x x xx o xo ooo  ,0.0,0.0,-0.8999999999999999,0.0,0.0,0.0,0.0
x x xxx o xo ooo  ,0.0,0.0,0.0,0.0,0.0,0.0,0.0
xx oo      ,0.0,0.0,0.0,0.0,0.0,0.0,0.0
xx oo     x ,0.0,0.0,0.0,0.0,0.0,0.0,0.0
xx ooo     x ,0.0,0.0,-1.5,0.0,0.0,0.0,0.0
xx ooo x    x ,0.0,0.0,0.0,0.0,0.0,0.0,0.0
xxxo oo xo     ,0.0,0.0,0.0,0.0,0.0,0.0,0.0
xxxo oox xo     ,0.0,0.0,0.0,0.0,0.0,0.0,0.0
x   o   x ,0.0,0.0,0.0,0.0,0.0,0.0,0.0
xx   ooo   x ,0.0,0.0,0.0,0.0,-1.5,0.0,0.0
xx   ooo x  x ,0.0,0.0,0.0,0.0,0.0,0.0,0.0
xxxo   o o   ,0.0,0.0,0.0,-1.7999999999999998,0.0,0.0,0.0
xxxo   ox o   ,0.0,0.0,0.0,0.0,0.0,0.0,0.0
xxxo  o ox o   ,-3.0,0.0,0.0,0.0,0.0,0.0,0.0
xxxox  o ox o   ,0.0,0.0,0.0,0.0,0.0,0.0,0.0
x  x   oo  ,0.6,0.0,0.0,0.0,0.0,0.0,0.0
xx  x   oo  ,0.0,0.0,0.0,0.0,0.0,0.0,0.0
ooox  x x x   ,-7.140000000000001,-4.1370000000000005,-3.0,-3.6,-4.2,-3.5700000000000003,-3.6
oooxo  x x x   ,0.0,0.0,0.0,0.0,0.0,0.0,0.0
 o x     ,0.0,0.0,0.0,0.0,0.0,0.0,0.0
oo oxx xx     ,0.0,-1.7999999999999998,0.0,0.0,0.0,0.0,0.0
oo oxxo xx     ,0.0,0.0,0.0,0.0,0.0,0.0,0.0
ooox  x x xo   ,0.0,0.0,0.0,0.0,0.0,0.0,0.0
ooox  x x x  o ,0.0,0.0,0.0,0.0,0.0,0.0,0.0
o  x x    ,0.0,-0.6,0.0,0.0,0.0,-1.02,-2.04
o  x x   o ,0.0,0.0,0.0,0.0,0.0,0.0,0.0
  x    o ,0.0,0.0,0.0,0.0,0.0,0.0,0.0
  x x   o ,-1.2,0.0,0.0,0.0,0.0,0.0,0.0
o  x x  o  ,0.0,0.0,0.0,0.0,0.0,0.0,0.0
ooox  xx xx  o  ,0.0,0.0,0.0,-4.5,0.0,0.0,0.0
ooox  xx xxo  o  ,0.0,0.0,0.0,0.0,0.0,0.0,0.0
ooox o x x x   ,0.0,0.0,0.0,0.0,0.0,0.0,0.0
oo  x x x   ,-1.5,-0.8999999999999999,0.0,0.0,0.0,-0.8999999999999999,-2.4
oo o x x x   ,0.0,0.0,0.0,0.0,0.0,0.0,0.0
ooox  x x x o  ,0.0,0.0,0.0,0.0,0.0,0.0,0.0
o o x x    ,0.0,0.0,0.0,0.0,0.0,0.0,0.0
ooox o xx xx    ,-5.1,0.0,0.0,0.0,0.0,0.0,0.0
oooxo o xx xx    ,0.0,0.0,0.0,0.0,0.0,0.0,0.0
o  x x o   ,0.0,0.0,0.0,0.0,0.0,0.0,0.0
oooxo  xx xx ox   ,-8.1,-7.5,0.0,0.0,0.0,0.0,0.0
oooxo o xx xx ox   ,0.0,0.0,0.0,0.0,0.0,0.0,0.0
oooxo o xx xx oxx   ,0.0,-6.3,0.0,0.0,0.0,0.0,0.0
oooxo oo xx xx oxx   ,0.0,0.0,0.0,0.0,0.0,0.0,0.0
o x xx   o  ,0.0,0.0,0.0,0.0,-0.6,0.0,-1.2
o x xx  o o  ,0.0,0.0,0.0,0.0,0.0,0.0,0.0
ooox xxx xx  o o  ,0.0,0.0,0.0,-4.5,0.0,0.0,0.0
ooox xxx xx o o o  ,0.0,0.0,0.0,0.0,0.0,0.0,0.0
  x o    ,0.0,0.0,0.0,0.0,0.0,0.0,0.0
  xx o    ,0.0,0.0,0.0,0.0,0.0,0.0,0.0
  xx o  o  ,0.0,0.0,0.0,0.0,0.0,0.0,0.0
ooox  xo x x   ,0.0,0.0,0.0,0.0,0.0,0.0,0.0
oooxoo  xx xx ox   ,0.0,0.0,0.0,0.0,0.0,0.0,0.0
oooxoo  xx xxx ox   ,0.0,-9.6,0.0,0.0,0.0,0.0,0.0
oooxoo o xx xxx ox   ,0.0,0.0,0.0,0.0,0.0,0.0,0.0
o  xx x o   ,-1.02,0.0,0.0,0.0,0.0,-1.2,0.0
o  xx x o o  ,0.0,0.0,0.0,0.0,0.0,0.0,0.0
oooxo x xxo xx ox   ,0.0,0.0,-5.1,0.0,0.0,0.0,0.0
oooxo x xxoo xx ox   ,0.0,0.0,0.0,0.0,0.0,0.0,0.0
  x  o   ,0.0,0.0,0.0,0.0,0.0,0.0,0.0
oo  xx xx o   ,0.0,0.0,0.0,0.0,-1.2,0.0,-3.0
oo  xx xx oo   ,0.0,0.0,0.0,0.0,0.0,0.0,0.0
o x xx   o o ,0.0,0.0,0.0,0.0,0.0,0.0,0.0
oo  xx x o   ,0.0,0.0,0.0,0.0,0.0,0.0,0.0
oo  xx xx o  o ,0.0,0.0,0.0,0.0,0.0,0.0,0.0
oo  x x x  o ,0.0,0.0,0.0,0.0,0.0,0.0,0.0
ooox  x xo x   ,0.0,0.0,0.0,0.0,0.0,0.0,0.0
ooo  x x x   ,0.0,0.0,0.0,0.0,0.0,0.0,0.0
o  xxo x o   ,0.0,0.0,0.0,0.0,0.0,0.0,0.0
oo  xxo xx ox   ,0.0,0.0,0.0,0.0,-3.0,0.0,0.0
oo  xxo xx oxo   ,0.0,0.0,0.0,0.0,0.0,0.0,0.0
oo  xxo xxx oxo   ,0.0,0.0,0.0,0.0,0.0,-6.9,0.0
oo  xxo xxx oxo o  ,0.0,0.0,0.0,0.0,0.0,0.0,0.0
oo  x x x o  ,0.0,0.0,0.0,0.0,0.0,0.0,0.0
o  x x x  o ,-2.4,0.0,0.0,0.0,0.0,0.0,0.0
oooxo  xx xx x o  ,0.0,0.0,0.0,-5.4,0.0,0.0,0.0
oooxo  xx xxo x o  ,0.0,0.0,0.0,0.0,0.0,0.0,0.0
xxxox  o oo    ,0.0,0.0,-2.4,0.0,-1.7999999999999998,0.0,0.0
xxxox  ox oo    ,0.0,0.0,0.0,0.0,0.0,0.0,0.0
xxxox  ox oo o   ,0.0,0.0,0.0,0.0,0.0,-2.7,0.0
xxxox  ox oo o x  ,0.0,0.0,0.0,0.0,0.0,0.0,0.0
x   oxo    ,0.0,0.0,0.0,0.6,0.0,0.0,0.0
x   oxox    ,0.0,0.0,0.0,0.0,0.0,0.0,0.0
x  o o   x ,0.0,0.0,-2.04,0.0,0.0,0.0,0.0
x  ox o   x ,0.0,0.0,0.0,0.0,0.0,0.0,0.0
xxxo   oo    ,-1.2,0.0,-1.02,0.0,0.0,0.0,0.0
xxxox   oo    ,0.0,0.0,0.0,0.0,0.0,0.0,0.0
xxxox  o oo x   ,0.0,0.0,0.0,0.0,0.0,0.0,0.0
x   o  x  ,0.0,0.0,0.0,0.0,0.0,0.0,0.0
xx  o oo  x  ,0.0,0.0,-1.2,0.0,-1.02,0.0,-1.2
xx  o oo  x x ,0.0,0.0,0.0,0.0,0.0,0.0,0.0
x x  o    ,0.0,0.0,0.0,0.0,0.0,0.0,0.0
   o  x  ,0.0,0.0,0.0,0.0,0.0,0.0,0.0
  x o  x  ,0.0,0.0,0.0,0.0,0.0,0.0,0.0
  xo o  x  ,0.0,-0.6,0.0,0.0,0.0,0.0,0.0
 x xo o  x  ,0.0,0.0,0.0,0.0,0.0,0.0,0.0
xxxo xo xoo oo  x  ,0.0,0.0,0.0,-5.4,0.0,0.0,0.0
xxxo xo xoo oox  x  ,0.0,0.0,0.0,0.0,0.0,0.0,0.0
xxxo  x oo    ,0.0,0.0,0.0,0.0,0.0,0.0,0.0
x   oo  x  ,0.0,-1.02,0.0,0.0,0.0,0.0,0.0
xx   oo  x  ,0.0,0.0,0.0,0.0,0.0,0.0,0.0
xx  o oo x x  ,0.0,0.0,0.0,0.0,0.0,0.0,0.0
xx  oo oo x x  ,0.0,0.0,0.0,0.0,0.0,0.0,-3.0
xx  oo oo x x x ,0.0,0.0,0.0,0.0,0.0,0.0,0.0
xxxo  o oo  x  ,0.0,-1.2,0.0,0.0,-1.7999999999999998,0.0,-2.4
xxxo  o oo x x  ,0.0,0.0,0.0,0.0,0.0,0.0,0.0
x x  oo    ,0.0,0.0,0.0,0.0,0.0,0.0,-0.6
x x  oo   x ,0.0,0.0,0.0,0.0,0.0,0.0,0.0
xx   oo    ,2.955,0.0,0.0,1.3978499999999998,0.0,0.79785,0.0
   o x  x ,0.0,0.0,0.0,0.0,0.0,0.0,0.0
xxxo  o oo  x x ,0.0,0.0,0.0,0.0,0.0,0.0,0.0
xxxo o o oo  x x ,0.0,0.0,0.0,-2.1,0.0,0.0,0.0
xxxo o o oox  x x ,0.0,0.0,0.0,0.0,0.0,0.0,0.0
xxxox o o oo  x  ,-3.3,-2.1,0.0,0.0,0.0,-2.7,-3.3
xxxoxx o o oo  x  ,0.0,0.0,0.0,0.0,0.0,0.0,0.0
xxo xoo      ,0.0,0.0,0.0,0.0,-0.6,0.0,0.0
xxo xoo   x   ,0.0,0.0,0.0,0.0,0.0,0.0,0.0
xxo xoo o  x   ,0.0,0.0,-2.1,0.0,0.0,0.0,0.0
xxo xoo ox  x   ,0.0,0.0,0.0,0.0,0.0,0.0,0.0
xxo xooo ox  x   ,0.0,0.0,0.0,-3.6,0.0,0.0,0.0
xxo xooo ox x x   ,0.0,0.0,0.0,0.0,0.0,0.0,0.0
xxxox o o oo  x x ,0.0,0.0,0.0,0.0,0.0,0.0,0.0
xxxo x o oo  x  ,0.0,0.0,0.0,0.0,0.0,0.0,0.0
x  x o    ,0.0,0.0,0.0,0.0,0.0,0.0,0.0
x  xo o    ,0.0,-0.6,0.0,0.0,0.0,-0.6,-0.6
x  xo o  x  ,0.0,0.0,0.0,0.0,0.0,0.0,0.0
x  xoo o  x  ,0.0,0.0,0.0,0.0,0.0,-0.6,0.0
x  xoo o  xx  ,0.0,0.0,0.0,0.0,0.0,0.0,0.0
  o    x ,0.0,0.0,0.162,0.0,0.6,0.0,0.0
  o  x  x ,0.0,0.0,0.0,0.0,0.0,0.0,0.0
xxxox  oo oo xo  x ,-8.1,0.0,0.0,0.0,0.0,0.0,0.0
xxxoxx  oo oo xo  x ,0.0,0.0,0.0,0.0,0.0,0.0,0.0
x  ox o o  x ,0.0,0.0,0.0,0.0,0.0,-1.5,0.0
x  ox o o x x ,0.0,0.0,0.0,0.0,0.0,0.0,0.0
xxx   oo    ,0.0,0.0,0.0,0.0,0.0,0.0,0.0
xxxo   oox    ,0.0,0.0,0.0,0.0,0.0,0.0,0.0
x  oo o x  x ,0.0,0.0,0.0,0.0,0.0,0.0,0.0
x  oo o x  xx ,0.0,0.0,0.0,0.0,0.0,0.0,0.0
xxxox ox o oo  x  ,0.0,0.0,0.0,0.0,0.0,0.0,0.0
x  o oxox    ,0.0,0.0,1.2,0.0,0.0,0.0,0.0
x  ox oxox    ,0.0,0.0,0.0,0.0,0.0,0.0,0.0
x  ox oxox o   ,0.0,0.0,0.0,0.0,1.2,0.0,0.0
x  ox oxox ox   ,0.0,0.0,0.0,0.0,0.0,0.0,0.0
x x  oo  x  ,0.0,0.0,0.0,0.0,0.0,0.0,0.0
xx x oo oo  x  ,0.0,0.0,0.0,0.0,0.0,0.0,-2.4
xx x oo oo  x x ,0.0,0.0,0.0,0.0,0.0,0.0,0.0
xxxoxx x oo oo oo x  ,0.0,0.0,0.0,0.0,0.0,0.0,-8.1
xxxoxx x oo oo oo x x ,0.0,0.0,0.0,0.0,0.0,0.0,0.0
 xo      ,0.6,0.0,0.0,0.0,0.0,0.0,0.0
x xo      ,0.0,0.0,0.0,0.0,0.0,0.0,0.0
x xoo      ,0.0,0.0,0.0,0.0,0.6,0.0,0.0
x xoo   x   ,0.0,0.0,0.0,0.0,0.0,0.0,0.0
xxxo  xo oo    ,0.0,0.0,0.0,0.0,0.0,0.0,-3.3
xxxo  xo oo   x ,0.0,0.0,0.0,0.0,0.0,0.0,0.0
x   oo x   ,0.0,0.0,0.0,0.0,0.0,0.0,0.0
x   oo xx   ,0.0,0.0,0.0,0.0,0.0,0.0,0.0
xx   ooo xxo   ,0.0,0.0,0.0,0.0,0.0,-4.5,0.0
xx   ooo xxo x  ,0.0,0.0,0.0,0.0,0.0,0.0,0.0
xx  ox oo  x  ,0.0,0.0,0.0,0.0,0.0,0.0,0.0
xxox o ox oo  x  ,0.0,0.0,-1.5,0.0,0.0,0.0,0.0
xxox o oxx oo  x  ,0.0,0.0,0.0,0.0,0.0,0.0,0.0
x x xo o    ,0.0,0.0,0.0,0.0,0.0,0.0,0.0
  ox    x ,0.0,0.0,0.0,0.0,0.0,0.0,0.0
xxxo x  oo o   ,0.0,0.0,0.0,0.0,-1.7999999999999998,0.0,0.0
xxxo x  oo ox   ,0.0,0.0,0.0,0.0,0.0,0.0,0.0
xxxox x  oo o o  ,0.0,0.0,0.0,-1.7999999999999998,0.0,0.0,0.0
xxxox x  oox o o  ,0.0,0.0,0.0,0.0,0.0,0.0,0.0
xxxox o o oo  xx  ,0.0,0.0,0.0,0.0,0.0,0.0,0.0
xx  o xoo    ,0.0,0.0,0.0,0.0,0.0,0.0,0.0
xx x o xoo    ,0.0,0.0,0.0,0.0,0.0,0.0,0.0
xxxo x oo xoo    ,0.0,0.0,0.0,-2.4,0.0,0.0,0.0
xxxo x oo xoox    ,0.0,0.0,0.0,0.0,0.0,0.0,0.0
xx   oox    ,0.0,0.0,0.0,0.0,0.0,0.0,0.0
xx   oox o   ,0.0,0.6,0.0,0.0,0.0,0.0,0.0
xx x  oox o   ,0.0,0.0,0.0,0.0,0.0,0.0,0.0
xxxo x  oox o o  ,0.0,0.0,0.0,0.0,0.0,0.0,-0.3
xxxo x  oox o o x ,0.0,0.0,0.0,0.0,0.0,0.0,0.0
 o     x ,0.0,0.0,0.0,0.0,0.0,0.0,0.0
xo    x   ,0.6,0.0,0.0,0.0,0.0,0.0,0.0
xoo    x   ,0.0,0.0,0.0,0.0,0.0,0.0,0.0
xoo x   x   ,0.8999999999999999,0.0,0.0,0.0,0.0,0.0,0.0
xooo x   x   ,0.0,0.0,0.0,0.0,0.0,0.0,0.0
xooo x   x  x ,0.0,0.0,0.0,0.0,0.3,0.0,0.0
xooo x   xo  x ,0.0,0.0,0.0,0.0,0.0,0.0,0.0
xooo x   xo  xx ,0.0,1.5,0.0,0.0,0.0,0.0,0.0
xooo xo   xo  xx ,0.0,0.0,0.0,0.0,0.0,0.0,0.0
xo      x ,0.0,0.6,0.0,0.0,0.0,0.0,0.0
xo o     x ,0.0,0.0,0.0,0.0,0.0,0.0,0.0
xo o     xx ,0.0,0.0,0.0,0.0,0.0,-0.6,0.0
xo o    o xx ,0.0,0.0,0.0,0.0,0.0,0.0,0.0
xooo ox    oxx xx ,0.0,0.0,0.0,0.0,0.0,0.0,0.0
xooo ox o   oxx xx ,0.0,0.0,0.0,0.0,0.0,0.0,0.0
o   x  x  ,0.0,-1.2,0.0,0.0,0.0,0.0,0.0
o o  x  x  ,0.0,0.0,0.0,0.0,0.0,0.0,0.0
ox o  x  x  ,-1.2,0.0,0.0,0.0,0.0,0.0,0.0
oxo o  x  x  ,0.0,0.0,0.0,0.0,0.0,0.0,0.0
oo  x   xx  ,0.0,0.0,0.0,0.0,0.0,0.0,0.0
oo  xo   xx  ,0.0,0.0,0.0,0.0,0.0,0.0,0.0
oo  xo   xxx  ,0.0,0.0,0.0,-0.3,0.0,0.0,0.0
oo  xo o  xxx  ,0.0,0.0,0.0,0.0,0.0,0.0,0.0
oo  xox o  xxx  ,0.0,0.0,0.0,0.0,0.0,0.0,-0.8999999999999999
oo  xox o  xxx o ,0.0,0.0,0.0,0.0,0.0,0.0,0.0
o   o xx   ,0.0,0.0,0.0,0.0,0.0,0.0,0.0
ox    xxo   ,0.0,0.0,0.0,0.0,0.0,0.0,0.0
ox    xxo  o ,0.0,0.0,0.0,0.0,0.0,0.0,0.0
ox x   xxo  o ,0.0,0.0,0.0,0.0,0.0,-1.2,0.0
ox x   xxo o o ,0.0,0.0,0.0,0.0,0.0,0.0,0.0
o    x  x ,0.0,0.0,0.0,0.0,0.0,0.0,0.0
o    x o x ,0.0,0.0,0.0,0.0,0.0,0.0,0.0
o    x o xx ,0.0,0.0,0.0,0.0,0.0,0.0,0.0
o  o  x o xx ,0.0,0.0,0.0,0.0,0.0,0.0,0.0
oo     x xx ,0.0,0.6,0.0,0.0,0.0,0.0,0.0
oo o    x xx ,0.0,0.0,0.0,0.0,0.0,0.0,0.0
ooo o  x  xx xx ,0.0,0.0,0.0,0.0,0.0,-0.6,0.0
ooo o  x  xxo xx ,0.0,0.0,0.0,0.0,0.0,0.0,0.0
oxooxo o  o  xx xxx ,0.0,0.0,0.0,0.0,0.0,0.0,3.3
oxooxo o  o  xx xxxo ,0.0,0.0,0.0,0.0,0.0,0.0,0.0
xo  x     ,0.0,0.0,0.0,0.0,0.0,0.0,0.0
xo  x o    ,0.0,0.0,0.0,0.0,0.0,0.0,0.0
xoxo  x o  x  ,0.0,0.0,0.0,0.0,0.0,0.0,0.0
xoxoo  x o  x  ,0.0,0.0,0.0,0.0,0.0,0.0,0.0
xoxoo  x o  xx  ,0.0,0.0,0.0,0.0,0.0,0.6,0.0
xoxoo  x o  xxo  ,0.0,0.0,0.0,0.0,0.0,0.0,0.0
xoxooo ox x o  xxoxx  ,0.0,0.0,0.0,0.0,0.0,0.0,-3.6
xoxooo ox x o  xxoxx o ,0.0,0.0,0.0,0.0,0.0,0.0,0.0
xoxooo ox x o  xxoxx ox ,0.0,-1.5,0.0,0.0,0.0,0.0,0.0
xoxooo oxo x o  xxoxx ox ,0.0,0.0,0.0,0.0,0.0,0.0,0.0
o   x    ,0.0,0.6,0.0,0.0,0.0,0.0,0.0
   xx  o  ,0.0,0.0,0.0,0.0,-0.6,0.0,0.0
   xx o o  ,0.0,0.0,0.0,0.0,0.0,0.0,0.0
o   x x   ,0.0,0.0,0.0,0.0,0.0,0.0,-1.2
o   x x  o ,0.0,0.0,0.0,0.0,0.0,0.0,0.0
ooox   x x  oxx ,-2.4,0.0,0.0,0.0,0.0,0.0,0.0
oooxo   x x  oxx ,0.0,0.0,0.0,0.0,0.0,0.0,0.0
xoxoxo o    x x ,0.0,0.0,0.0,0.0,1.2,0.0,0.0
xoxoxo o   o x x ,0.0,0.0,0.0,0.0,0.0,0.0,0.0
xoxoxo o   o x xx ,0.0,0.0,0.0,1.5,0.0,0.0,0.0
xoxoxo o  o o x xx ,0.0,0.0,0.0,0.0,0.0,0.0,0.0
xoox  x     ,-0.6,0.0,0.0,0.0,0.0,0.0,0.0
xooxo  x     ,0.0,0.0,0.0,0.0,0.0,0.0,0.0
xooxox oxox x     ,0.0,0.0,0.0,0.0,0.0,0.6,0.0
xooxox oxox x   o  ,0.0,0.0,0.0,0.0,0.0,0.0,0.0
xoxoxo x      ,0.0,0.0,0.0,0.0,0.0,0.0,0.0
xoxoxo x o     ,0.0,0.0,0.0,0.0,0.0,0.0,0.0
xoxoxo x o    x ,0.0,0.6,0.0,0.0,0.0,0.0,0.0
xoxoxo xo o    x ,0.0,0.0,0.0,0.0,0.0,0.0,0.0
oo      xxx ,0.0,0.0,0.0,0.0,0.0,-1.338,0.6
oo      xxxo ,0.0,0.0,0.0,0.0,0.0,0.0,0.0
oo    x x x ,0.0,-0.3,0.0,0.0,0.0,0.0,0.0
oo o   x x x ,0.0,0.0,0.0,0.0,0.0,0.0,0.0
oo ox   x x x ,0.0,0.0,0.0,0.0,0.0,-0.3,0.0
oo ox   x xo x ,0.0,0.0,0.0,0.0,0.0,0.0,0.0
oo ox   x xo xx ,0.0,0.0,0.0,0.0,0.0,-0.3,0.0
oo ox   x xoo xx ,0.0,0.0,0.0,0.0,0.0,0.0,0.0
oo ox   x xoo xxx ,0.0,0.0,-0.8999999999999999,0.0,0.0,0.0,0.0
oo ox o  x xoo xxx ,0.0,0.0,0.0,0.0,0.0,0.0,0.0
o o     xx ,0.0,0.0,0.0,0.0,0.0,0.0,0.0
ox    x   ,0.0,0.0,0.0,0.0,0.0,0.0,0.0
ox    x  o ,0.0,0.0,0.0,0.0,0.0,0.0,0.0
ox    x  ox ,0.0,0.0,0.0,0.0,0.0,0.0,0.0
ox    x o ox ,0.0,0.0,0.0,0.0,0.0,0.0,0.0
oxox      x ,0.0,0.0,0.0,0.0,0.0,0.0,0.6
oxox      xo ,0.0,0.0,0.0,0.0,0.0,0.0,0.0
oxoxx      xo ,0.0,0.0,1.7999999999999998,0.0,0.0,0.0,0.0
oxoxx  o    xo ,0.0,0.0,0.0,0.0,0.0,0.0,0.0
oxoxxx  o    xo ,0.0,0.0,0.0,0.0,0.0,0.0,2.4
oxoxxx  o    xoo ,0.0,0.0,0.0,0.0,0.0,0.0,0.0
oxoxxx o o    xooxx ,0.0,0.0,2.7,0.0,0.0,0.0,0.0
oxoxxx o oo    xooxx ,0.0,0.0,0.0,0.0,0.0,0.0,0.0
oxoxxx ooo oo  x xx xooxx ,0.0,0.0,0.0,0.0,0.0,0.0,4.5
oxoxxx ooo oo  x xx xooxxo ,0.0,0.0,0.0,0.0,0.0,0.0,0.0
o xx      ,0.0,0.0,0.0,0.0,0.0,0.0,0.0
oo xx      ,0.0,0.0,0.0,0.0,0.0,0.0,0.0
ooo xx x x    ,29.4,0.0,0.0,0.0,0.0,0.0,0.0
oooo xx x x    ,0.0,0.0,0.0,0.0,0.0,0.0,0.0
o   xx    ,0.0,0.0,0.0,0.0,-0.6,0.0,0.0
o   xx o   ,0.0,0.0,0.0,0.0,0.0,0.0,0.0
o   xxx o   ,0.0,0.0,-2.1,0.0,0.0,0.0,0.0
o  o xxx o   ,0.0,0.0,0.0,0.0,0.0,0.0,0.0
oo   xx x   ,0.0,0.0,-0.6,0.0,0.0,0.0,0.0
oo  o xx x   ,0.0,0.0,0.0,0.0,0.0,0.0,0.0
o x  x    ,0.0,0.0,0.0,0.0,0.0,0.0,-0.6
o x o x    ,0.0,0.0,0.0,0.0,0.0,0.0,0.0
   x   o ,0.0,0.0,0.0,0.0,0.0,0.0,0.0
 ox  x    ,0.0,0.0,0.0,0.0,0.0,0.0,0.0
 oxo  x    ,0.0,0.0,0.0,0.0,0.0,0.0,0.0
 oxo  x   x ,0.0,0.0,0.0,0.0,0.0,0.0,0.0
 oxo  x  o x ,0.0,0.0,0.0,0.0,0.0,0.0,0.0
o oxo x x  o xx ,0.0,0.0,0.0,0.0,0.0,0.0,0.0
o oxo x x  o xxo ,0.0,0.0,0.0,0.0,0.0,0.0,0.0
oox oxo x x  o xxox ,0.0,-29.4,0.0,0.0,0.0,0.0,0.0
oox oxoo x x  o xxox ,0.0,0.0,0.0,0.0,0.0,0.0,0.0
ooxxo oxoo x x x o xxox ,-27.6,0.0,0.0,0.0,0.0,0.0,0.0
ooxxoo oxoo x x x o xxox ,0.0,0.0,0.0,0.0,0.0,0.0,0.0
ooxxoo oxooo x x x o xxoxxx ,0.0,0.0,0.0,-25.2,0.0,0.0,0.0
ooxxoo oxooo x xo x o xxoxxx ,0.0,0.0,0.0,0.0,0.0,0.0,0.0
xoo x  oxx    ,0.0,0.6,0.0,0.0,0.0,0.0,0.0
xoo xo  oxx    ,0.0,0.0,0.0,0.0,0.0,0.0,0.0
oo   o  x xxx ,0.6,0.0,0.0,0.0,0.0,0.0,0.0
ooo   o  x xxx ,0.0,0.0,0.0,0.0,0.0,0.0,0.0
oo      xxxox ,4.061999999999999,0.0,0.0,0.0,0.0,0.0,0.6
oo      xxxoxo ,0.0,0.0,0.0,0.0,0.0,0.0,0.0
ooo  x   x xxxoxo ,0.0,0.0,0.0,0.0,3.3,0.0,0.0
ooo  x  o x xxxoxo ,0.0,0.0,0.0,0.0,0.0,0.0,0.0
ooo  x  ox x xxxoxo ,0.0,0.0,0.0,0.0,0.0,3.3,0.0
ooo  x  ox xo xxxoxo ,0.0,0.0,0.0,0.0,0.0,0.0,0.0
ooo  x x ox xo xxxoxo ,0.0,0.0,0.0,0.0,3.3,0.0,0.0
ooo  x x oxo xo xxxoxo ,0.0,0.0,0.0,0.0,0.0,0.0,0.0
oo     o xxx ,0.0,0.0,0.0,0.0,0.0,0.0,0.0
ooo      xxxox ,0.0,0.0,0.0,0.0,0.0,0.0,0.0
o o x    xx ,0.0,0.0,0.0,-0.6,0.0,0.0,0.0
o o x o   xx ,0.0,0.0,0.0,0.0,0.0,0.0,0.0
oo o x o x  xxx ,0.0,0.0,0.0,0.0,0.0,-1.5,0.0
oo o x o x o xxx ,0.0,0.0,0.0,0.0,0.0,0.0,0.0
oo o x o x ox xxx ,-0.6,0.0,0.0,0.0,0.0,0.0,0.0
ooo o x o x ox xxx ,0.0,0.0,0.0,0.0,0.0,0.0,0.0
xoxox       ,0.0,0.0,0.162,0.6,0.0,0.0,0.0
xoxox    o   ,0.0,0.0,0.0,0.0,0.0,0.0,0.0
xoxoxo o   o xx x ,0.0,0.0,0.0,2.1,0.0,0.0,0.0
xoxoxo o  o o xx x ,0.0,0.0,0.0,0.0,0.0,0.0,0.0
xoox o x    x ,0.0,0.0,1.7999999999999998,0.0,0.0,0.0,0.0
xoox o xo    x ,0.0,0.0,0.0,0.0,0.0,0.0,0.0
xooxxo oo xo   x xx ,0.0,0.0,0.0,0.0,3.3,0.0,0.0
xooxxo oo xo  o x xx ,0.0,0.0,0.0,0.0,0.0,0.0,0.0
oxoxox   x    ,0.0,0.0,0.0,0.0,0.0,0.0,0.0
oxoxox   xo    ,0.0,0.0,0.0,0.0,0.0,0.0,0.0
oxoxox oo  xo   xxx ,0.0,2.4,0.0,0.0,0.0,0.0,0.0
oxoxox ooo  xo   xxx ,0.0,0.0,0.0,0.0,0.0,0.0,0.0
xox       ,0.0,0.0,0.0,0.0,0.0,0.0,0.0
xox      o ,0.0,0.0,0.0,0.0,0.0,0.0,0.0
xoxx      o ,0.0,0.0,0.0,0.0,0.0,0.0,0.0
xoxx    o  o ,0.0,0.0,0.0,0.0,0.0,0.0,0.0
xoxxox    o x o ,0.0,1.2,0.0,0.0,0.0,0.0,0.0
xoxxox o   o x o ,0.0,0.0,0.0,0.0,0.0,0.0,0.0
xoxxox oo  x o x ox ,0.0,0.0,0.0,0.0,0.0,0.0,2.1
xoxxox oo  x o x oxo ,0.0,0.0,0.0,0.0,0.0,0.0,0.0
oxoox   x   x ,0.0,0.0,0.0,0.0,0.0,0.0,0.0
oxoox   x  o x ,0.0,0.0,0.0,0.0,0.0,0.0,0.0
oxooxo o xx xx  o x ,0.0,-1.2,0.0,0.0,0.0,0.0,0.0
oxooxo oo xx xx  o x ,0.0,0.0,0.0,0.0,0.0,0.0,0.0
xo   x    ,0.0,0.0,0.0,0.0,0.0,0.0,0.0
xo  o x    ,0.0,0.0,0.0,0.0,0.0,0.0,0.0
x  o x    ,0.0,0.0,0.0,0.0,0.0,0.0,0.0
xxo  o x   o ,0.0,0.0,0.0,0.0,0.0,0.0,0.0
xxox  o x   o ,0.0,0.0,0.0,0.0,0.0,0.0,0.0
o    xx o  ,0.0,0.0,0.0,1.7999999999999998,0.0,0.0,0.0
o   x xx o  ,0.0,0.0,0.0,0.0,0.0,0.0,0.0
oox   xo xx o  ,0.0,0.0,0.0,0.0,0.0,1.2,0.0
oox   xo xx ox  ,0.0,0.0,0.0,0.0,0.0,0.0,0.0
ooxoxx x ooo xo xx ox  ,0.0,0.0,0.0,-3.6,0.0,0.0,0.0
ooxoxx x ooo xox xx ox  ,0.0,0.0,0.0,0.0,0.0,0.0,0.0
ooxoxx x ooo xox xx oxo  ,0.0,0.0,0.0,0.0,0.0,0.0,-4.8
ooxoxx x ooo xox xx oxo x ,0.0,0.0,0.0,0.0,0.0,0.0,0.0
xxx   oo  xoo  ,0.0,0.0,-0.3,0.0,0.0,0.0,0.0
xxx  x oo  xoo  ,0.0,0.0,0.0,0.0,0.0,0.0,0.0
x     o x ,0.0,0.0,0.0,0.0,0.0,0.0,0.0
x   x  o  ,0.0,0.0,0.0,0.0,0.0,0.0,0.0
x   x  oo  ,0.0,1.5,0.0,0.0,0.0,0.0,0.0
x x  x  oo  ,0.0,0.0,0.0,0.0,0.0,0.0,0.0
xoxx   o   o ,0.0,0.0,0.0,0.0,0.6,0.0,0.0
xoxx   o x  o ,0.0,0.0,0.0,0.0,0.0,0.0,0.0
xoxxx  o oo x  o ,0.0,0.0,0.0,0.8999999999999999,0.0,0.0,0.0
xoxxx  o oox x  o ,0.0,0.0,0.0,0.0,0.0,0.0,0.0
xxx   xooo o   ,0.0,0.0,0.0,0.0,0.0,0.6,0.0
xxx   xooo o x  ,0.0,0.0,0.0,0.0,0.0,0.0,0.0
x   xoo    ,0.0,0.0,2.1,0.0,0.0,0.0,0.0
x  x xoo    ,0.0,0.0,0.0,0.0,0.0,0.0,0.0
x   oxoxo    ,1.7999999999999998,0.0,0.0,0.0,0.0,0.0,0.0
xx   oxoxo    ,0.0,0.0,0.0,0.0,0.0,0.0,0.0
xxx  o oo    ,0.0,0.0,0.0,0.8999999999999999,0.0,0.0,0.0
xxx  o oox    ,0.0,0.0,0.0,0.0,0.0,0.0,0.0
xoxxx o  oo    ,0.0,0.0,0.0,0.3,0.0,0.0,0.0
xoxxx o  oox    ,0.0,0.0,0.0,0.0,0.0,0.0,0.0
x  xo o   x ,0.0,0.0,0.0,0.0,0.0,0.0,0.0
x  xo oo   x ,0.0,0.0,-2.4,0.0,0.0,0.0,0.0
x  xox oo   x ,0.0,0.0,0.0,0.0,0.0,0.0,0.0
x  xox ooo   x ,0.0,0.0,0.0,-0.8999999999999999,0.0,0.0,0.0
x  xox ooox   x ,0.0,0.0,0.0,0.0,0.0,0.0,0.0
x  xox oooxo   x ,0.0,-0.3,0.0,0.0,0.0,0.0,0.0
x x xox oooxo   x ,0.0,0.0,0.0,0.0,0.0,0.0,0.0
xxx xoo xox oooxoo   x ,30.0,0.0,0.0,0.0,0.0,0.0,0.0
xxxx xoo xox oooxoo   x ,0.0,0.0,0.0,0.0,0.0,0.0,0.0
  xx   oo  ,0.0,0.0,1.5,0.0,0.0,0.0,0.0
  xxx   oo  ,0.0,0.0,0.0,0.0,0.0,0.0,0.0
x  xxx  o ooo  ,0.0,0.0,0.0,0.0,1.2,0.0,0.0
x  xxx  ox ooo  ,0.0,0.0,0.0,0.0,0.0,0.0,0.0
x  x x o oo  ,0.0,0.0,2.1,0.0,0.0,0.0,0.0
x  xx x o oo  ,0.0,0.0,0.0,0.0,0.0,0.0,0.0
xx  xx xo o ooo  ,2.7,0.0,0.0,0.0,0.0,0.0,0.0
xxx  xx xo o ooo  ,0.0,0.0,0.0,0.0,0.0,0.0,0.0
x x    oo  ,0.0,1.2,0.0,0.0,0.0,1.524,0.63828
x xx    oo  ,0.0,0.0,0.0,0.0,0.0,0.0,0.0
x x    oo x ,0.0,0.0,0.0,0.0,0.0,0.0,0.0
x x    oox  ,0.0,0.0,0.0,0.0,0.0,0.0,0.0
x x o   oox  ,0.0,0.0,0.0,0.0,0.6,0.0,0.0
x x o  x oox  ,0.0,0.0,0.0,0.0,0.0,0.0,0.0
xxx x o  x ooxooo  ,0.0,0.0,3.3,0.0,0.0,0.0,0.0
xxx x ox  x ooxooo  ,0.0,0.0,0.0,0.0,0.0,0.0,0.0
xxx x ox o x ooxooo  ,0.0,6.0,0.0,0.0,0.0,0.0,0.0
xxx xx ox o x ooxooo  ,0.0,0.0,0.0,0.0,0.0,0.0,0.0
x     oo x ,0.0,0.0,0.0,0.0,0.0,0.0,0.0
xx     oo x ,0.0,0.0,0.0,0.0,0.0,0.0,0.0
xx     ooo x ,0.0,0.0,0.0,0.0,0.0,0.0,0.0
xxx     ooo x ,0.0,0.0,0.0,0.0,0.0,0.0,0.0
xx x    ooo xo ,0.0,0.0,0.0,0.0,0.0,0.0,0.6
xx x    ooo xox ,0.0,0.0,0.0,0.0,0.0,0.0,0.0
xx x    ooo xoxo ,0.0,0.0,0.0,0.0,0.6,0.0,0.0
xx x   x ooo xoxo ,0.0,0.0,0.0,0.0,0.0,0.0,0.0
xx x   x ooo xoxoo ,2.1,0.0,0.0,0.0,0.0,0.0,0.0
xxx x   x ooo xoxoo ,0.0,0.0,0.0,0.0,0.0,0.0,0.0
x   o o x  ,0.0,0.0,0.0,0.0,0.0,0.0,0.0
x   o o xx  ,0.0,0.0,0.0,0.0,0.0,0.0,0.0
xx   o o xxo o ,0.0,0.0,0.0,1.2,0.0,0.0,0.0
xx   ox o xxo o ,0.0,0.0,0.0,0.0,0.0,0.0,0.0
xxx     oxoo o ,0.0,0.0,0.0,0.0,0.0,2.7,0.0
xxx     oxoox o ,0.0,0.0,0.0,0.0,0.0,0.0,0.0
xx    x  oo ,0.0,0.0,0.0,0.0,0.0,0.0,0.0
xx    x  ooo ,0.0,0.0,0.0,0.0,-0.8999999999999999,0.0,0.0
xx    xx  ooo ,0.0,0.0,0.0,0.0,0.0,0.0,0.0
xxx xo    ooxoo  ,0.0,0.0,0.0,0.0,0.0,0.0,3.3
xxx xo    ooxoo x ,0.0,0.0,0.0,0.0,0.0,0.0,0.0
xxx xo    ooxooo x ,0.0,4.5,0.0,0.0,5.115,0.0,0.0
xxx xox    ooxooo x ,0.0,0.0,0.0,0.0,0.0,0.0,0.0
xxx xox  o  ooxooo x ,0.0,0.0,0.0,3.3,0.0,0.0,0.0
xxx xox  ox  ooxooo x ,0.0,0.0,0.0,0.0,0.0,0.0,0.0
xxx xox o ox  ooxooo x ,0.0,0.0,0.0,0.0,0.0,0.0,3.9
xxx xox o ox  ooxooo xx ,0.0,0.0,0.0,0.0,0.0,0.0,0.0
x x    ooxo  ,0.0,0.0,0.0,0.0,0.0,0.0,1.2
x x    ooxo x ,0.0,0.0,0.0,0.0,0.0,0.0,0.0
xx    o o  ,0.0,0.0,0.0,0.0,0.0,-0.6,0.0
xx    o ox  ,0.0,0.0,0.0,0.0,0.0,0.0,0.0
xxx   o oo ox  ,27.3,0.0,0.0,0.0,0.0,0.0,0.0
xxxx   o oo ox  ,0.0,0.0,0.0,0.0,0.0,0.0,0.0
xox     o  ,0.0,0.0,0.0,0.0,0.0,0.0,0.0
xox     ox  ,0.0,0.0,0.0,0.0,0.0,0.0,0.0
xxx  o o  o  ,0.0,0.0,0.0,0.0,0.0,0.0,0.0
xxx  o ox  o  ,0.0,0.0,0.0,0.0,0.0,0.0,0.0
xo    x o  ,0.0,0.0,0.0,1.2,0.0,0.0,0.324
xo   x x o  ,0.0,0.0,0.0,0.0,0.0,0.0,0.0
xo   x x oo  ,0.6,0.0,0.0,0.0,0.0,0.0,0.0
xox   x x oo  ,0.0,0.0,0.0,0.0,0.0,0.0,0.0
xx     o  ,0.0,0.0,0.0,0.0,0.0,0.0,0.0
xxoxo     o  ,0.0,0.0,0.0,0.0,0.0,0.0,0.0
xxoxo     ox  ,0.0,0.0,0.0,0.0,0.0,0.0,0.0
xxoxo     oxo  ,0.0,0.0,0.0,0.0,0.0,0.0,0.0
xxoxo     oxo x ,0.0,0.0,0.0,0.0,0.0,0.0,0.0
xxx xo   x ooxooo x ,0.0,0.0,0.0,0.0,0.0,0.0,0.0
xxx   oo  o  ,0.0,0.0,0.0,0.0,1.5,0.0,0.0
xxx   oo x o  ,0.0,0.0,0.0,0.0,0.0,0.0,0.0
x  x    o ,0.0,0.0,-0.6,0.0,0.0,0.0,0.0
xx  x   oo o ,0.0,0.0,0.0,0.0,1.2,0.0,0.0
xx  x  x oo o ,0.0,0.0,0.0,0.0,0.0,0.0,0.0
xx  x  x ooo o ,1.7999999999999998,0.0,0.0,0.0,0.0,0.0,0.0
xxx  x  x ooo o ,0.0,0.0,0.0,0.0,0.0,0.0,0.0
xx o    o  ,2.1,0.0,0.0,0.0,0.0,0.0,0.0
xxx o    o  ,0.0,0.0,0.0,0.0,0.0,0.0,0.0
xo       ,0.0,0.6,0.0,0.0,0.0,0.162,0.0
o   x   x ,0.0,0.0,0.0,0.0,0.0,0.0,0.0
oox   x   x ,0.0,0.0,0.0,0.0,0.0,0.0,0.0
oox   x o  x ,0.0,0.0,0.0,0.0,0.0,0.0,0.0
ooxxox ox  x o  x ,0.0,0.0,0.0,0.0,0.0,0.0,0.0
ooxxox oxo  x o  x ,0.0,0.0,0.0,0.0,0.0,0.0,0.0
ooxxox oxoxo  x o  x ,0.0,1.2,0.0,0.0,0.0,0.0,0.0
ooxxox oxoxox  x o  x ,0.0,0.0,0.0,0.0,0.0,0.0,0.0
ooxxox oxoxox oxo x o  x ,0.0,0.0,0.0,0.0,2.7,0.0,0.0
ooxxox oxoxox oxo x ox  x ,0.0,0.0,0.0,0.0,0.0,0.0,0.0
ooxxox oxoxox oxoo x ox  x ,0.0,0.0,0.0,0.0,0.0,0.0,0.0
xo xo      ,0.0,0.0,0.0,0.0,0.0,0.0,0.0
xox xo      ,0.0,0.0,0.0,0.0,0.0,0.0,0.0
xoxoxo xoxox      ,0.0,0.0,0.0,0.0,0.0,0.0,-0.6
xoxoxo xoxox     o ,0.0,0.0,0.0,0.0,0.0,0.0,0.0
xoxoxo xoxoxx o    o ,0.0,0.0,0.0,0.0,0.0,0.0,0.6
xoxoxo xoxoxx o    ox ,0.0,0.0,0.0,0.0,0.0,0.0,0.0
xoxoxo xoxoxx oox    ox ,0.0,0.0,0.8999999999999999,0.0,0.0,0.0,0.0
xoxoxo xoxoxx ooxo    ox ,0.0,0.0,0.0,0.0,0.0,0.0,0.0
xoxoxo xoxoxx ooxox    ox ,0.0,0.0,0.0,0.0,0.0,0.0,-1.2
xoxoxo xoxoxx ooxox    oxo ,0.0,0.0,0.0,1.2,0.0,0.0,0.0
xoxoxo xoxoxx ooxox x   oxo ,0.0,0.0,0.0,0.0,0.0,0.0,0.0
xoxoxo xoxoxx ooxoxo xx   oxo ,0.0,0.0,0.0,0.0,0.0,0.0,-3.9
xoxoxo xoxoxx ooxoxo xx   oxoo ,0.0,0.0,0.0,0.0,0.0,0.0,0.0
xoxoxo xo      ,0.0,0.0,0.0,0.0,0.0,0.0,0.0
xoxoxo xoxo      ,0.0,0.0,0.0,1.5,0.0,0.0,0.0
xoxoxo xoxo  x    ,0.0,0.0,0.0,0.0,0.0,0.0,0.0
xoxoxo xoxoox oxo x    ,0.0,0.0,0.0,0.0,0.0,0.0,-1.7999999999999998
xoxoxo xoxoox oxo x   x ,0.0,0.0,0.0,0.0,0.0,0.0,0.0
xoxoxo xoxoox oxoo x   x ,0.0,0.0,0.0,0.0,0.0,0.0,-4.5
xoxoxo xoxoox oxoo x   xx ,0.0,0.0,6.0,0.0,0.0,0.0,0.0
xoxoxo xoxoox oxooo x   xx ,0.0,0.0,0.0,0.0,-5.1,0.0,0.0
xoxoxo xoxoox oxooo x x  xx ,0.0,0.0,0.0,0.0,0.0,0.0,0.0
xo    x o x ,0.0,0.0,0.0,0.0,0.0,0.0,0.0
xooxox    x o x ,0.0,0.0,0.0,0.0,0.0,0.0,0.0
xooxox    x o xo ,0.0,0.0,0.0,0.0,0.0,0.0,0.0
xooxox xoxo   x o xo ,0.0,0.0,0.0,0.0,0.0,-1.2,0.0
xooxox xoxo   x ox xo ,0.0,0.0,0.0,0.0,0.0,0.0,0.0
xooxox xoxoox   x ox xo ,0.0,0.0,0.0,3.0,0.0,0.0,0.0
xooxox xoxoox  o x ox xo ,0.0,0.0,0.0,0.0,0.0,0.0,0.0
xooxox xoxoox xox o x ox xo ,0.0,0.0,0.0,0.0,0.0,3.3,0.0
xooxox xoxoox xox o x oxo xo ,0.0,0.0,0.0,0.0,0.0,0.0,0.0
xooxox xoxoox xoxxo o x oxo xo ,0.0,0.0,0.0,0.0,-3.3,0.0,0.0
xooxox xoxoox xoxxo o xx oxo xo ,0.0,0.0,0.0,0.0,0.0,0.0,0.0
xooxox xoxoox xoxxoo o xx oxo xo ,0.0,0.0,0.0,0.0,0.0,0.0,-3.9
xooxox xoxoox xoxxoo o xx oxo xox ,0.0,0.0,0.0,0.0,0.0,0.0,0.0
 x     o ,0.0,0.0,0.0,0.0,0.0,0.0,0.0
xox x     o ,0.0,0.0,0.0,0.6,0.0,0.0,0.0
xox x  o   o ,0.0,0.0,0.0,0.0,0.0,0.0,0.0
xoxxo x  o   o ,0.0,0.0,0.0,0.0,0.0,0.0,0.0
xoxxo x  o x  o ,0.0,0.0,0.0,0.0,0.0,0.0,0.0
xoxxoo x  o x  o ,0.0,0.0,0.0,0.0,0.0,0.0,0.0
xoxxoo xxo  o x  o ,0.0,0.0,0.0,0.0,0.0,1.2,0.0
xoxxoo xxo  o x x o ,0.0,0.0,0.0,0.0,0.0,0.0,0.0
xoxxoo xxo  oo x x o ,0.0,1.7999999999999998,0.0,0.0,0.0,0.0,0.0
xoxxoo xxox  oo x x o ,0.0,0.0,0.0,0.0,0.0,0.0,0.0
xoxxoo xxox  oo xo x o ,0.0,0.0,0.0,0.0,0.0,0.0,0.0
xoxxoo xxoxxo  oo xo x o ,0.0,0.0,0.0,0.0,-0.6,0.0,0.0
xoxxoo xxoxxo  oo xox x o ,0.0,0.0,0.0,0.0,0.0,0.0,0.0
xoxxoo xxoxxo oxoxox oo xox x o ,0.0,0.0,0.0,0.0,0.0,0.0,1.2
xoxxoo xxoxxo oxoxox oo xox x oo ,0.0,0.0,0.0,0.0,0.0,0.0,0.0
xoxxoo xxoxxo oxoxox oox xox x oo ,0.0,0.0,0.0,0.0,0.0,0.0,1.2
xoxxoo xxoxxo oxoxox oox xox x ooo ,0.0,0.0,0.0,0.0,0.0,0.0,0.0
xoxo       ,0.0,1.5708000000000002,1.2,1.024116,0.4241160000000001,0.0,0.0
xoxoxo xox      ,0.0,0.0,0.0,0.0,0.0,0.0,0.0
xoxoxo xox o     ,0.0,0.0,0.0,0.0,0.0,0.0,0.0
xoxoxo xoxx o     ,0.0,0.0,0.0,0.0,-2.4,0.0,0.0
xoxoxo xoxx o  o   ,0.0,0.0,0.0,0.0,0.0,0.0,0.0
xoxoxo xoxxx o  o   ,0.0,0.0,-1.7999999999999998,0.0,0.0,0.0,0.0
xoxoxo xoxxx oo  o   ,0.0,0.0,0.0,0.0,0.0,0.0,0.0
    xo   ,0.0,0.0,0.0,0.0,0.0,0.0,0.0
xox    xo   ,0.0,0.0,0.0,0.0,0.0,0.0,0.0
xox  o  xo   ,0.0,0.0,0.0,0.0,0.0,0.0,0.0
xoxxo  o  xo   ,0.0,0.0,0.0,0.0,0.0,0.0,0.0
xoxxo x o  xo   ,0.0,0.0,0.0,0.0,0.0,0.0,0.0
xoxxo x o  xo o  ,0.0,0.0,0.0,0.0,0.0,0.0,0.0
xoxxox x o  xo o  ,0.0,0.0,0.0,0.0,1.2,0.0,0.0
xoxxox x o  xoo o  ,0.0,0.0,0.0,0.0,0.0,0.0,0.0
xoxxox xxo o  xoo o  ,0.0,0.0,0.0,0.0,0.0,0.0,-1.2
xoxxox xxo o  xoo o x ,0.0,0.0,0.0,0.0,0.0,0.0,0.0
xoxxox xxoo o  xoo o x ,0.0,0.0,0.0,0.0,-1.7999999999999998,0.0,0.0
xoxxox xxoo o  xoox o x ,0.0,0.0,0.0,0.0,0.0,0.0,0.0
xoxxox xxooo o  xoox o x ,0.0,0.0,0.0,0.0,-2.7,0.0,0.0
xoxxox xxooo o  xooxx o x ,0.0,31.2,0.0,0.0,0.0,0.0,0.0
xoxxox xxoooo o  xooxx o x ,0.0,0.0,0.0,0.0,0.0,0.0,0.0
xoxox     o  ,0.0,0.0,0.0,0.0,0.0,0.0,0.0
xoxoxx ox    o  ,0.0,0.0,0.0,0.0,0.0,-0.6,0.0
xoxoxx ox    oo  ,0.0,0.0,0.0,0.0,0.0,0.0,0.0
xoxoxx oxxoxo xo   oo  ,0.0,0.0,0.0,0.0,2.7,0.0,0.0
xoxoxx oxxoxo xo  x oo  ,0.0,0.0,0.0,0.0,-1.2,0.0,0.0
xoxoxx oxxoxo xo  xo oo  ,0.0,0.0,0.0,0.0,0.0,2.4,0.0
xoxoxx oxxoxo xo  xo oox  ,0.0,0.0,0.0,0.0,0.0,0.0,-2.4
xoxoxx oxxoxo xo  xo oox o ,0.0,0.0,0.0,0.0,0.0,0.0,0.0
xoxox   o    ,0.0,0.0,0.0,0.0,0.0,0.0,0.0
xoxox   ox    ,0.0,0.0,0.0,0.0,0.0,0.0,0.6
xoxox   ox   o ,0.0,-0.6,0.0,0.0,0.0,0.0,0.0
xoxox x  ox   o ,0.6,0.0,0.0,0.0,0.0,0.0,0.0
xoxoxo x  ox   o ,0.0,0.0,0.0,0.0,0.0,0.0,0.6
xoxoxo x  ox   ox ,0.0,0.0,0.0,0.0,0.0,0.0,0.0
xoxox  o     ,0.0,0.0,0.0,0.0,0.0,0.0,0.0
xoxox  ox     ,0.0,0.0,0.0,0.0,1.2,0.0,0.0
xoxox  ox  o   ,0.0,0.0,1.7999999999999998,0.0,0.0,0.0,0.0
xoxox  oxx  o   ,0.0,0.0,0.0,0.0,-1.2,0.0,0.0
xoxox  oxx  oo   ,0.0,0.0,0.0,0.0,0.0,0.0,0.0
xoxoxx ox oxx  oo   ,0.0,0.0,0.0,28.8,0.0,0.0,0.0
xoxoxx ox oxx o oo   ,0.0,0.0,0.0,0.0,0.0,0.0,0.0
xxoxox ooxox      ,0.0,-0.6,0.0,0.0,0.0,0.0,0.0
xxoxox ooxoxo      ,0.0,0.0,0.0,0.0,0.0,0.0,0.0
xxoxox ooxoxo xo     ,0.0,0.0,0.0,0.0,0.0,-0.6,0.0
xxoxox ooxoxo xo   x  ,0.0,0.0,0.0,0.0,0.0,0.0,0.0
xxoxox ooxoxo xooxo   x  ,0.0,0.0,0.0,-0.3,0.0,0.0,0.0
xxoxox ooxoxo xooxo x  x  ,0.0,0.0,0.8999999999999999,0.0,0.0,0.0,0.0
xxoxox ooxoxo xooxoo x  x  ,0.0,0.0,0.0,0.0,0.0,0.0,0.0
xxoxox ooxoxo xooxoo xxoxo  x  ,0.0,0.0,0.0,0.0,0.0,0.0,-2.4
xxoxox ooxoxo xooxoo xxoxo  x x ,0.0,0.0,0.0,0.0,0.0,0.0,0.0
xoxoxx oxo  o    ,0.0,-0.3,0.0,0.0,0.0,0.0,0.0
xoxoxx oxox  o    ,0.0,0.0,0.0,0.0,0.0,0.0,0.0
xoxoxx oxoxox o o    ,0.0,0.0,0.0,0.0,0.0,0.0,-1.7999999999999998
xoxoxx oxoxox o o   x ,0.0,0.0,0.0,0.0,0.0,0.0,0.0
xoxoxx ox  o    ,0.0,0.0,0.0,0.0,0.0,0.0,0.6
xoxoxx ox  o   o ,0.0,0.0,0.0,0.0,0.0,0.0,0.0
xoxoxx oxx  o   o ,0.0,0.0,0.0,0.0,0.0,0.0,-0.6
xoxoxx oxx  o   oo ,0.0,0.0,0.0,0.0,0.0,0.0,0.0
xoxoxx oxxxox o o   oo ,0.0,0.0,0.0,0.0,0.0,2.1,0.0
xoxoxx oxxxox o o  x oo ,0.0,0.0,0.0,0.0,0.0,-1.5,0.0
xoxoxx oxxxox o o  xo oo ,0.0,0.0,0.0,0.0,3.0,0.0,0.0
xoxoxx oxxxox o o x xo oo ,0.0,0.0,0.0,0.0,0.0,0.0,0.0
xoxoxx oxxxox oox o x xo oo ,0.0,0.0,0.0,0.0,0.0,-5.4,0.0
xoxoxx oxxxox oox o x xoo oo ,0.0,0.0,0.0,0.0,0.0,0.0,0.0
xoxoxx oxxxox ooxxo o x xoo oo ,0.0,0.0,0.0,0.0,0.0,7.199999999999999,0.0
xoxoxx oxxxox ooxxo o x xoox oo ,0.0,0.0,0.0,0.0,0.0,0.0,0.0
     xo  ,0.0,0.0,0.0,0.0,1.2,0.0,0.0
    x xo  ,0.0,0.0,0.0,0.0,0.0,0.0,0.0
o    x xo  ,0.0,0.0,0.0,0.0,0.0,0.0,2.1
o    x xo x ,0.0,0.0,-0.8999999999999999,0.0,0.0,0.0,0.0
o  o  x xo x ,0.0,0.0,0.8999999999999999,0.0,0.0,0.0,0.0
o  ox  x xo x ,0.0,0.0,0.0,0.0,0.0,0.0,0.0
o o ox  x xo x ,0.0,0.0,0.0,0.0,1.2,0.0,0.0
o o ox  xx xo x ,0.0,0.0,0.0,0.0,0.0,0.0,-0.6
o o ox  xx xo xo ,0.0,0.0,0.0,0.0,0.0,0.0,0.0
ox o ox  xx xo xo ,0.0,1.7999999999999998,0.0,0.0,0.0,0.0,0.0
ox oo ox  xx xo xo ,0.0,0.0,0.0,0.0,0.0,0.0,0.0
oxxo oo ox  xx xo xo ,-1.2,0.0,0.0,0.0,0.0,0.0,0.0
oxxox oo ox  xx xo xo ,0.0,0.0,0.0,0.0,0.0,0.0,0.0
oxxoxo oo ox  xx xo xo ,0.0,0.0,0.0,0.0,0.3,0.0,0.0
oxxoxo oo ox  xxx xo xo ,0.0,0.0,0.0,0.0,0.0,0.0,0.0
o xo  x    ,0.0,0.0,0.0,0.0,0.0,0.0,0.0
oxoxox xo  x    ,0.0,0.0,0.0,0.0,0.0,0.0,0.0
oxoxox xo  x  o  ,0.0,0.0,0.0,0.0,0.0,0.0,0.0
oxoxox xo  x  o x ,0.0,0.0,0.0,0.0,0.0,0.0,0.0
oxoxox xoo  x  o x ,0.0,0.0,0.0,0.0,-0.8999999999999999,0.0,0.0
oxoxox xoo  x x o x ,0.0,0.0,3.3,0.0,0.0,0.0,0.0
oxoxox xoo o x x o x ,0.0,0.0,0.0,0.0,0.0,0.0,0.0
oxoxox xooxox oox x x o x ,0.0,0.0,2.7,0.0,0.0,0.0,0.0
oxoxox xooxox ooxo x x o x ,0.0,0.0,0.0,0.0,0.0,0.0,0.0
xoxo o     x ,-0.6,0.0,0.0,0.0,0.0,0.0,0.0
xoxox o     x ,0.0,0.0,0.0,0.0,0.0,0.0,0.0
xoxoxo oxo     x ,0.0,1.2,0.0,0.0,0.0,0.0,0.0
xoxoxo oxox     x ,0.0,0.0,0.0,0.0,0.0,0.0,0.0
xoxoxo oxoxox oxo    x ,0.0,0.0,0.0,0.0,-1.2,0.0,0.0
xoxoxo oxoxox oxo  x  x ,0.0,0.0,5.1,0.0,0.0,0.0,0.0
xoxoxo oxoxox oxoo  x  x ,0.0,0.0,0.0,0.0,0.0,0.0,0.0
xoxoxo oxoxox oxooxo  x  x ,0.0,0.0,0.0,0.0,0.0,-1.5,0.0
xoxoxo oxoxox oxooxo  x x x ,0.0,0.0,0.0,0.0,0.0,0.0,0.0
xoxoxo oxoxox oxooxo ox x x x ,0.0,0.0,0.0,31.5,0.0,0.0,0.0
xoxoxo oxoxox oxooxo oxo x x x ,0.0,0.0,0.0,0.0,0.0,0.0,0.0
o     x  ,0.0,0.0,0.6,0.0,0.0,0.0,0.0
oxoxox     x  ,0.0,0.0,0.0,0.0,0.0,0.0,0.0
oxoxox     x o ,0.0,0.0,0.0,0.0,0.0,0.0,0.0
oxoxox xo    x o ,0.0,0.0,0.0,0.0,0.0,0.0,-1.2
oxoxox xo    x ox ,0.0,0.0,0.0,0.0,0.0,0.0,0.0
oxoxox xoox    x ox ,0.0,0.0,0.0,0.0,1.2,0.0,0.0
oxoxox xoox   o x ox ,0.0,0.0,0.0,0.0,0.0,0.0,0.0
oxoxox xooxx   o x ox ,0.0,0.0,0.3,0.0,0.0,0.0,0.0
oxoxox xooxx o  o x ox ,0.0,0.0,0.0,0.0,0.0,0.0,0.0
oxoxox xooxxx o  o x ox ,0.0,0.0,0.0,0.0,0.8999999999999999,0.0,0.0
oxoxox xooxxx o  oo x ox ,0.0,0.0,0.3,0.0,0.0,0.0,0.0
oxoxox xooxxx ox  oo x ox ,0.0,0.0,0.0,0.3,0.0,0.0,0.0
oxoxox xooxxx ox o oo x ox ,0.0,0.0,0.0,0.0,0.0,0.0,0.0
oxoxox xooxxx oxxo o oo x ox ,0.0,0.0,0.3,0.0,0.0,0.0,0.0
oxoxox xooxxx oxxox o oo x ox ,0.0,0.0,0.0,0.0,0.0,0.0,0.0
oxoxox xooxxx oxxoxo oxo oo x ox ,0.0,0.0,0.0,0.0,0.0,0.0,1.2
oxoxox xooxxx oxxoxo oxo oo x oxx ,0.0,0.0,0.0,0.0,0.0,0.0,0.0
oxoxox xooxxx oxxoxo oxooxo ooxo x oxx ,0.0,0.0,0.0,0.0,31.5,0.0,0.0
oxoxox xooxxx oxxoxo oxooxo ooxox x oxx ,0.0,0.0,0.0,0.0,0.0,0.0,0.0
x  xo    o ,0.0,0.0,1.2,0.0,0.0,0.0,0.0
x  xox    o ,0.0,0.0,0.0,0.0,0.0,0.0,0.0
x o xox    o ,0.0,0.0,0.0,0.6,0.0,0.0,0.0
x o xox x   o ,0.0,0.0,0.0,0.0,0.0,0.0,0.0
xoxox o xox x   o ,0.0,0.0,0.0,0.0,-0.6,0.0,0.0
xoxox o xox x o  o ,0.0,0.0,0.0,0.0,0.0,0.6,0.0
xoxox o xox x o x o ,0.0,0.0,0.0,0.0,0.0,0.0,0.0
xoxoxo ox xox x o x o ,0.0,0.0,0.0,0.0,0.0,-3.6,0.0
xoxoxo ox xox x o xo o ,0.0,0.0,0.0,0.0,0.0,0.0,0.0
xoxoxo oxxox xox x o xo o ,0.0,0.0,0.0,0.0,-2.4,0.0,0.0
xoxoxo oxxox xox x oo xo o ,0.0,0.0,0.0,0.0,0.0,3.6,0.0
xoxoxo oxxox xox x oo xox o ,0.0,0.0,0.0,0.0,0.0,0.0,0.0
xo  x    o ,0.0,2.1,0.0,0.0,0.0,0.0,0.0
xo x xo    o ,0.0,0.0,0.0,0.0,0.0,0.0,0.0
xox x xo    o ,0.0,0.0,0.0,0.0,0.0,0.0,-1.5
xox x xo    oo ,0.0,0.0,0.0,0.0,0.0,0.0,0.0
xoxx x xo    oo ,0.0,0.0,0.0,0.0,0.0,0.0,0.0
xoxx x xo    ooo ,0.0,0.0,0.0,0.0,0.0,0.6,0.0
xoxx x xo   x ooo ,0.0,0.0,0.0,0.0,0.0,0.0,0.0
xoxxox xoxox xo   x ooo ,0.0,0.0,0.0,0.0,0.0,2.1,0.0
xoxxox xoxox xo   xo ooo ,0.0,0.0,0.0,0.0,0.0,0.0,0.0
xoxxox xoxoxx xo   xo ooo ,0.0,0.0,5.1,0.0,0.0,0.0,0.0
xoxxox xoxoxx xoo   xo ooo ,0.0,0.0,0.0,0.0,0.0,0.0,0.0
xoxxox xoxoxx xoox   xo ooo ,0.0,0.0,2.1,0.0,0.0,0.0,0.0
xoxxox xoxoxx xooxo   xo ooo ,0.0,0.0,0.0,0.0,0.0,0.0,0.0
xoxxox xoxoxx xooxox oxo  xo ooo ,0.0,0.0,0.0,0.0,0.0,0.0,0.0
xoxxox xoxoxx xooxox oxox  xo ooo ,0.0,0.0,0.0,0.0,0.0,0.0,0.0
xxoxox o     o ,0.0,1.2,0.0,0.0,0.0,0.0,0.0
xxoxox ox     o ,0.0,0.0,0.0,0.0,0.0,0.0,0.0
xoxo  x     ,0.0,0.0,0.0,0.0,0.0,0.0,-1.2
xoxo  x    o ,0.0,0.0,0.0,0.0,0.0,0.0,0.0
xoxoxo  x    o ,0.0,0.0,0.0,3.3,0.0,0.0,0.0
xoxoxo  x x   o ,0.0,0.0,0.0,0.0,0.0,0.0,0.0
xoxoxo oxoxo x x   o ,0.0,0.0,0.0,0.0,0.0,0.0,2.1
xoxoxo oxoxo x x   ox ,0.0,0.0,0.0,0.0,0.0,0.0,0.0
xoxoxo oxoxoo x x   ox ,0.0,0.0,0.0,0.0,0.0,2.4,0.0
xoxoxo oxoxoo x x  x ox ,0.0,0.0,0.0,0.0,0.0,0.0,0.0
xoxoxo oxoxoo xo x  x ox ,0.0,0.0,0.0,0.0,29.4,0.0,0.0
xoxoxo oxoxoo xo x x x ox ,0.0,0.0,0.0,0.0,0.0,0.0,0.0
oxox     x  ,0.0,0.6,0.0,0.0,0.0,0.0,0.0
oxox o    x  ,0.0,0.0,0.0,0.0,0.0,0.0,0.0
oxoxxo o    x  ,0.0,0.0,0.0,0.0,0.0,0.0,0.0
oxoxxo ox    x  ,0.0,0.0,0.0,0.0,0.0,0.0,0.0
oxoxxo oxoxo    x  ,0.0,0.0,0.0,0.0,1.2,0.0,0.0
oxoxxo oxoxo   x x  ,0.0,0.0,0.0,0.0,0.0,0.0,0.0
oxoxxo oxoxoo xoxox  x x  ,0.0,0.0,0.6,0.0,0.0,0.0,0.0
oxoxxo oxoxoo xoxoxo  x x  ,0.0,0.0,0.0,28.8,0.0,0.0,0.0
oxoxxo oxoxoo xoxoxo x x x  ,0.0,0.0,0.0,0.0,0.0,0.0,0.0
xoxo x      ,0.0,0.0,0.0,0.0,0.0,-0.6,0.0
xoxoox xoxox      ,0.0,0.0,0.0,0.0,0.0,0.0,0.0
xoxoox xoxox    o  ,0.0,0.0,0.0,0.0,0.0,0.0,0.0
xoxoox xoxoxx oxoxox o  o  ,0.0,0.0,0.0,0.0,0.0,1.2,0.0
xoxoox xoxoxx oxoxox o  ox  ,0.0,0.0,0.0,0.0,0.0,0.0,0.0
xoxoox o x     ,0.0,2.1,0.0,0.0,0.0,0.0,0.0
xoxoox ox x     ,0.0,0.0,0.0,0.0,0.0,0.0,0.0
xoxoox oxox x     ,0.0,0.0,0.0,0.0,-0.3,0.0,0.0
xoxoox oxox x  o   ,0.0,0.0,0.0,0.0,0.0,0.0,0.0
xoxoox oxoxx x  o   ,0.0,0.0,0.0,0.0,-1.5,0.0,0.0
xoxoox oxoxx x  oo   ,0.0,0.0,0.0,0.0,0.0,0.0,0.0
xoxoox oxoxxx xoxox  oo   ,0.0,0.0,0.0,0.0,0.8999999999999999,0.0,0.0
xoxoox oxoxxx xoxox  ooo   ,0.0,0.0,0.0,0.0,2.4,0.0,0.0
xoxoox oxoxxx xoxox  ooox   ,0.0,0.0,0.0,0.0,0.0,0.0,0.0
xoxoox oxoxxx xoxoxo xox ooox   ,0.0,0.0,0.0,0.0,0.0,0.0,0.0
xoxoox oxoxxx xoxoxo xox oooxo   ,0.0,0.0,0.0,0.0,0.0,0.0,0.0
xoxoox oxoxxx xoxoxo xox oooxo  x ,0.0,0.0,0.0,0.0,0.0,0.0,0.0
xoxoox oxoxxx xoxoxo xoxoxo oooxox o x ,0.0,0.0,0.0,0.0,0.0,0.0,1.2
xoxoox oxoxxx xoxoxo xoxoxo oooxox o xx ,0.0,0.0,0.0,0.0,0.0,0.0,0.0
xox    o   ,0.0,0.0,0.0,0.0,0.0,0.0,0.0
xoxxo    o   ,0.0,0.0,1.2,0.0,0.0,0.0,0.0
xoxxo  x  o   ,-1.2,0.0,0.0,0.0,0.0,0.0,0.0
xoxxoo xoxoxo xxox  o   ,0.0,0.0,0.0,0.0,-0.8999999999999999,0.0,0.0
xoxxoo xoxoxo xxox  oo   ,0.0,0.0,0.0,0.0,0.0,0.0,0.0
xoxoox  x     ,0.0,0.0,0.0,0.0,0.0,0.0,0.0
xoxoox  x o    ,0.0,0.0,0.0,0.0,0.0,0.0,0.0
xoxoox x x o    ,0.0,0.0,0.0,0.0,0.6,0.0,0.0
xoxoox x x o o   ,0.0,0.0,0.0,0.0,0.0,0.0,0.0
ooxo   x x   ,0.0,0.0,0.0,0.0,3.0,0.0,3.51
ooxo   x xx   ,0.0,-1.7999999999999998,0.0,0.0,0.0,0.0,0.0
ooxo o  x xx   ,0.0,0.0,0.0,0.0,0.0,0.0,0.0
ooxoxo oxoxox  x xx   ,0.0,0.0,0.0,-1.2,0.0,0.0,0.0
ooxoxo oxoxox  xo xx   ,0.0,0.0,0.0,1.7999999999999998,0.0,0.0,0.0
ooxoxo oxoxox  xox xx   ,0.0,0.0,0.0,0.0,0.0,0.0,0.0
ooxoxo oxoxox  xox xxo   ,0.0,0.0,0.0,0.0,0.0,0.0,0.0
ooxoxo oxoxox xoxoxo xox xxo   ,0.0,0.0,0.0,0.0,0.0,0.0,3.6
ooxoxo oxoxox xoxoxo xox xxo  x ,0.0,0.0,0.0,0.0,0.0,0.0,0.0
ooxoxo oxoxox xoxoxo xoxo xxo  x ,0.0,0.0,0.0,4.5,0.0,0.0,0.0
ooxoxo oxoxox xoxoxo xoxox xxo  x ,0.0,0.0,0.0,0.0,0.0,0.0,0.0
ooxoxo oxoxox xoxoxo xoxoxo xxox  x ,0.0,0.0,0.0,0.0,0.0,-0.6,0.0
ooxoxo oxoxox xoxoxo xoxoxo xxox o x ,0.0,0.0,0.0,0.0,0.0,0.0,1.2
ooxoxo oxoxox xoxoxo xoxoxo xxox o xx ,0.0,0.0,0.0,0.0,0.0,-0.6,0.0
ooxoxo oxoxox xoxoxo xoxoxo xxox oo xx ,0.0,0.0,0.0,0.0,0.0,0.0,2.7
ooxoxo oxoxox xoxoxo xoxoxo xxox oo xxx ,0.0,0.0,0.0,0.0,0.0,0.0,2.1
ooxoxo oxoxox xoxoxo xoxoxo xxox oo xxxo ,0.0,0.0,0.0,0.0,0.0,-1.5,0.0
ooxoxo oxoxox xoxoxo xoxoxo xxox oox xxxo ,0.0,0.0,0.0,0.0,0.0,0.0,0.0
xoxoox xoxoxo xo     ,0.0,0.0,0.0,30.0,0.0,0.0,0.0
xoxoox xoxoxo xo x    ,0.0,0.0,0.0,0.0,0.0,0.0,0.0
xoxo    x   ,0.0,0.0,0.0,0.0,0.0,0.0,0.0
xoxoo    x   ,0.0,0.0,0.0,0.0,0.0,1.2,0.0
xoxoo    x x  ,0.0,0.0,0.0,0.0,0.0,0.0,0.0
xoxooo xo   x x  ,0.0,0.0,4.5,0.0,0.0,0.0,0.0
xoxooo xo x  x x  ,0.0,0.0,0.0,0.0,0.0,0.0,0.0
xoxooo xooxo x  x x  ,0.0,0.3,0.0,0.0,0.0,0.0,0.0
xoxooo xooxox x  x x  ,0.0,0.0,0.0,0.0,0.0,0.0,0.0
xoxooo xooxox xo  x x  ,0.0,0.0,0.0,0.0,-1.7999999999999998,0.0,0.0
xoxooo xooxox xo  xx x  ,0.0,0.0,0.0,0.0,0.0,0.0,0.0
     x o ,0.0,0.0,0.0,0.0,0.0,0.0,0.0
 x    x o ,0.0,0.0,0.0,0.0,0.0,0.0,0.0
o x    x o ,0.0,0.0,0.0,0.0,0.0,0.0,0.0
o x    x ox ,0.0,0.0,0.0,0.0,0.0,0.0,0.0
oo x    x ox ,0.0,0.0,0.0,0.0,0.6,0.0,0.0
oo x   x x ox ,0.0,0.0,0.0,0.0,0.0,0.0,0.0
ooox x   x x ox ,0.0,0.0,0.0,0.0,0.0,-1.2,0.0
ooox x   x xo ox ,0.0,0.0,0.0,0.0,0.0,0.0,0.0
oooxxo x   x xo ox ,0.0,0.0,0.0,0.0,0.0,1.2,0.0
oooxxo x   x xox ox ,0.0,1.2,0.0,0.0,0.0,0.0,0.0
oooxxo xo   x xox ox ,0.0,0.0,0.0,0.0,0.0,0.0,0.0
oooxxo xoxo   x xox ox ,0.0,0.0,2.4,0.0,0.0,0.0,0.0
oooxxo xoxo x  x xox ox ,0.0,0.0,0.0,0.0,0.0,0.0,-1.7999999999999998
oooxxo xoxo x  x xox oxo ,0.0,0.0,0.0,0.0,0.0,0.0,0.0
oooxxo xoxoxo x  x xox oxo ,0.0,0.0,0.0,0.0,3.0,0.0,0.0
oooxxo xoxoxo x  xx xox oxo ,0.0,0.0,0.0,0.0,0.0,0.0,0.0
oooxxo xoxoxo xox  xx xox oxo ,0.0,0.0,0.0,0.0,-0.8999999999999999,0.0,0.0
oooxxo xoxoxo xox  xxo xox oxo ,0.0,0.0,0.0,0.0,0.0,0.0,2.4
oooxxo xoxoxo xox  xxo xox oxox ,0.0,0.0,0.0,0.0,0.0,0.0,0.0
oooxxo xoxoxo xoxox  xxo xox oxox ,0.0,0.0,0.0,0.6,0.0,0.0,0.0
oooxxo xoxoxo xoxox o xxo xox oxox ,0.0,0.0,0.0,0.0,0.0,0.0,0.0
oooxxo xoxoxo xoxoxx o xxo xox oxox ,0.0,0.0,0.0,0.0,2.7,0.0,0.0
oooxxo xoxoxo xoxoxx o xxoo xox oxox ,0.0,0.0,0.0,0.0,0.0,0.0,-1.2
oooxxo xoxoxo xoxoxx o xxoo xox oxoxx ,0.0,0.0,0.0,0.0,0.0,0.0,0.0
xoxoox xoxox   o   ,0.0,0.0,0.0,0.0,0.0,0.0,0.0
xoxoox xoxoxx o  o   ,0.0,0.0,0.0,0.0,0.0,0.0,0.0
xoxoox xoxoxx o  o x  ,0.0,0.0,0.0,0.0,0.0,0.0,0.0
xoxoox xoxoxx ooxo  o x  ,0.0,0.0,0.0,0.0,0.0,0.0,-1.5
xoxoox xoxoxx ooxo  o x x ,0.0,0.0,0.0,0.0,0.0,0.0,0.0
xoxoox xoxoxx ooxoox oxox o x x ,0.0,0.0,0.0,0.0,0.0,-2.1,0.0
xoxoox xoxoxx ooxoox oxox o xo x ,0.0,0.0,0.0,0.0,0.0,0.0,0.0
xoxoox xoxoxx ooxoox oxoxx o xo x ,0.0,0.0,0.0,0.0,-1.5,0.0,0.0
xoxoox xoxoxx ooxoox oxoxx oo xo x ,0.0,0.0,0.0,0.0,0.0,0.0,0.0
xoxoo ox     x ,0.0,0.0,2.1,0.0,0.0,0.0,0.0
xoxoo ox x    x ,0.0,0.0,0.0,0.0,0.0,0.0,-2.1
xoxoo ox x    xo ,0.0,0.0,0.0,0.0,0.0,0.0,0.0
xoxoox oxoxox x    xo ,0.0,0.0,0.0,0.0,-0.3,0.0,0.0
xoxoox oxoxox x  o  xo ,0.0,0.0,0.0,0.0,0.0,0.0,0.8999999999999999
xoxoox oxoxox x  o  xox ,0.0,0.0,0.0,0.0,0.0,0.0,0.0
xoxoox oxoxox xoxo  o  xox ,0.0,0.0,0.0,0.0,0.0,0.0,0.0
xoxoox oxoxox xoxo x o  xox ,0.0,0.0,0.0,0.0,0.0,0.0,0.0
xoxoox oxoxox xoxo x o o xox ,0.0,0.0,0.0,0.0,0.0,0.0,31.2
xoxoox oxoxox xoxo x o o xoxx ,0.0,0.0,0.0,0.0,0.0,0.0,0.0
xoxoox oxoxox xoxoo x o o xoxx ,0.0,0.0,0.0,0.0,30.0,0.0,0.0
xoxoox oxoxox xoxoo x ox o xoxx ,0.0,0.0,0.0,0.0,0.0,0.0,0.0
xoxo x    o  ,0.0,3.0,0.0,0.0,0.0,0.0,0.0
xoxo xx    o  ,0.0,0.0,0.0,0.0,0.0,0.0,0.0
xoxoo xx    o  ,0.0,0.0,0.0,0.0,3.6,0.0,0.0
xoxoo xx   x o  ,0.0,0.0,-1.7999999999999998,0.0,0.0,0.0,0.0
xoxoo xx o  x o  ,0.0,0.0,0.0,0.0,0.0,0.0,0.0
xoxoox xxo o  x o  ,0.0,0.0,0.0,0.0,0.0,-1.2,0.0
xoxoox xxo o  x ox  ,0.0,0.0,0.0,0.0,0.0,0.0,0.0
xoxoox xxoo o  x ox  ,0.0,0.0,0.0,-3.6,0.0,0.0,0.0
xoxoox xxoo o x x ox  ,0.0,0.0,0.0,0.0,0.0,0.0,0.0
xoxoox xxooox o x x ox  ,0.0,0.0,0.0,0.0,0.0,3.0,0.0
xoxoox xxooox o x x oxo  ,0.0,0.0,0.0,0.0,0.0,0.0,-3.0
xoxoox xxooox o x x oxo x ,0.0,0.0,0.0,0.0,0.0,0.0,0.0
xoxoox xxooox ooxoxo xxo x oxo x ,0.0,0.0,0.0,0.0,0.0,-3.0,0.0
xoxoox xxooox ooxoxo xxo x oxox x ,0.0,0.0,0.0,0.0,0.0,5.1,0.0
xoxoox xxooox ooxoxo xxo x oxoxo x ,0.0,0.0,0.0,0.0,-3.6,0.0,0.0
xoxoox xxooox ooxoxo xxo xx oxoxo x ,0.0,0.0,0.0,0.0,0.0,0.0,0.0
o  x   x  ,0.0,0.0,0.0,0.0,0.0,-0.6,0.0
o  x   xo  ,0.0,1.2,0.0,0.0,0.0,0.0,0.0
o x x   xo  ,0.0,0.0,0.0,0.0,0.0,0.0,0.0
ooxox x x   xo  ,0.0,0.0,0.0,0.0,0.0,0.0,-1.7999999999999998
ooxox x x   xo o ,0.0,0.0,0.0,0.0,0.0,0.0,0.0
ooxoxx xoxo x   xo o ,0.0,0.0,0.0,1.7999999999999998,0.0,0.0,0.0
ooxoxx xoxo x x  xo o ,0.0,0.0,0.0,0.0,0.0,0.0,0.0
ooxoxx xoxoo x x  xo o ,0.0,2.4,0.0,0.0,0.0,0.0,0.0
ooxoxx xoxoox x x  xo o ,0.0,0.0,0.0,0.0,0.6,0.0,0.0
ooxoxx xoxoox x x o xo o ,0.0,0.0,0.0,0.0,0.0,0.0,0.0
ooxoxx xoxoox xxox x o xo o ,0.0,0.0,0.8999999999999999,0.0,0.0,0.0,0.0
ooxoxx xoxoox xxoxo x o xo o ,0.0,0.0,0.0,0.0,0.0,0.0,0.0
xoxo x  o    ,0.0,0.0,0.0,0.0,-0.6,0.0,0.0
xoxo x  o x   ,0.6,0.0,0.0,0.0,0.0,0.0,0.0
xoxoo x  o x   ,0.0,0.0,0.0,0.0,0.0,0.0,0.0
xoxoox x  o x   ,0.0,0.0,0.0,0.0,0.0,0.6,0.0
xoxoox x  o x o  ,0.0,0.0,0.0,0.0,0.0,0.0,0.0
xoxoox xxo  o x o  ,0.0,-0.8999999999999999,0.0,0.0,0.0,0.0,0.0
xoxoox xxox  o x o  ,0.0,0.0,0.0,0.0,0.0,0.0,0.0
xoxoox xxoxox  o x o  ,0.0,0.0,0.0,0.0,1.5,0.0,0.0
xoxoox xxoxox  o xo o  ,0.0,0.0,0.0,0.0,0.0,0.0,0.0
xxox   o    ,0.0,0.0,0.0,0.0,1.7999999999999998,0.0,0.0
xxox   o o   ,0.0,0.0,0.0,0.0,0.0,0.0,0.0
xxoxx   o o   ,0.0,0.0,4.2,0.0,0.0,0.0,0.0
xxoxx  o o o   ,0.0,0.0,0.0,0.0,0.0,0.0,0.0
xxoxo o      ,0.0,0.0,0.0,0.0,0.0,0.0,0.0
xxoxo o    x  ,0.0,0.0,0.0,0.6,0.0,0.0,0.0
xxoxo o  o  x  ,0.0,0.0,0.0,0.0,0.0,0.0,0.0
xxoxox ooxoxo xoxoxo o  x  ,0.0,0.0,0.0,0.0,0.0,0.0,0.0
xxoxox ooxoxo xoxoxo ox  x  ,0.0,0.0,0.0,0.0,0.0,0.0,0.0
xxoxox ooxoxo xoxoxo oxoxox oxox x  ,0.0,0.0,0.0,0.0,0.0,0.0,-1.2
xxoxox ooxoxo xoxoxo oxoxox oxox x o ,0.0,0.0,0.0,0.0,0.0,0.0,0.0
xxoxox ooxoxo xoxoxo oxoxox oxoxxo xxox o ,0.0,0.0,0.0,0.0,0.0,0.0,-1.2
xxoxox ooxoxo xoxoxo oxoxox oxoxxo xxox oo ,0.0,0.0,0.0,0.0,0.0,0.0,0.0
xxoxox ooxoxo xoxoxo oxoxox oxoxxo xxoxxo oo ,0.0,0.0,0.0,0.0,0.0,0.0,30.9
xxoxox ooxoxo xoxoxo oxoxox oxoxxo xxoxxo oox ,0.0,0.0,0.0,0.0,0.0,0.0,0.0
x x   o   ,0.0,0.0,0.0,0.0,0.0,0.0,0.0
xoxo x   o   ,0.6,0.0,0.0,0.0,0.0,0.0,0.0
xoxox x   o   ,0.0,0.0,0.0,0.0,0.0,0.0,0.0
xoxoxo xx   o   ,0.0,0.0,-1.2,0.0,0.0,0.0,0.0
xoxoxo xx o  o   ,0.0,0.0,0.0,1.7999999999999998,0.0,0.0,0.0
xoxoxo xx o x o   ,0.0,0.0,0.0,0.0,0.0,0.0,0.0
xoxoxo xxox o x o   ,0.0,0.0,0.0,-0.6,0.0,0.0,0.0
xoxoxo xxox o xo o   ,0.0,0.0,0.0,0.0,0.0,0.0,0.0
xoxoxo xxoxxo ox xo o   ,0.0,0.0,0.0,0.0,0.0,0.0,0.0
xoxoxo xxoxxo oxo xo o   ,0.0,0.0,0.0,0.0,0.0,0.0,0.0
xoxoxo xxoxxo oxox xo o   ,0.0,0.0,0.0,0.0,0.0,0.0,0.0
xoxoxo xxoxxo oxox xo oo   ,0.0,0.0,0.0,0.0,0.0,0.0,0.0
xoxoxo xxoxxo oxoxx xo oo   ,0.0,0.0,0.0,0.3,0.0,0.0,0.0
xoxoxo xxoxxo oxoxx xoo oo   ,0.0,0.0,0.0,0.0,0.0,0.0,-0.3
xoxoxo xxoxxo oxoxx xoo oo  x ,0.0,0.0,0.0,0.0,0.0,0.3,0.0
xoxoxo xxoxxo oxoxx xoo oo o x ,0.0,0.0,0.0,0.0,0.0,0.0,0.0
xoxoxo xxoxxo oxoxxx xooo oo o x ,0.0,0.0,0.0,0.0,0.0,0.0,-0.6
xoxoxo xxoxxo oxoxxx xooo oo o xx ,0.0,0.0,0.0,0.0,0.0,0.0,0.0
xox x   o   ,0.0,0.0,0.6,0.0,0.0,0.0,0.0
xox x o  o   ,0.0,0.0,0.0,0.0,0.0,0.0,-0.6
xox x o  o  x ,0.0,0.0,0.0,0.0,0.0,0.0,0.0
xoxoxo x o  o  x ,0.0,0.0,0.0,0.0,0.0,0.0,0.0
xoxoxo x o  o x x ,0.0,0.0,0.0,0.0,0.0,0.0,0.0
xoxoxo xo o  o x x ,0.0,0.0,0.0,0.0,0.0,0.0,0.0
xoxoxo xo o  o xx x ,0.0,0.0,0.0,0.0,0.0,0.0,0.0
xoxoxo xoo o  o xx x ,0.0,0.0,0.0,0.0,-1.7999999999999998,0.0,0.0
xoxoxo xoo o  ox xx x ,0.0,0.0,0.0,0.0,0.0,0.0,0.0
xoxoxo xoooxo ox  ox xx x ,0.0,0.0,0.0,0.0,0.0,0.0,-0.8999999999999999
xoxoxo xoooxo ox  ox xx xo ,0.0,0.0,0.0,0.0,0.0,0.0,0.0
xoxoxo xoooxo oxxo  ox xx xo ,0.0,0.0,-0.6,0.0,0.0,0.0,0.0
xoxoxo xoooxo oxxox  ox xx xo ,0.0,0.0,0.0,0.0,0.0,0.0,0.0
xoxoxo xoooxo oxxoxo  ox xx xo ,0.0,0.0,0.0,0.0,-0.8999999999999999,0.0,0.0
xoxoxo xoooxo oxxoxo  oxx xx xo ,0.0,0.0,0.0,0.0,0.0,0.0,0.0
xoxoox xo      ,0.0,0.0,0.0,0.0,0.0,0.0,0.0
xoxoox xo    x  ,0.0,0.0,0.0,0.0,0.0,0.0,0.0
xoxoox xo    x o ,0.0,0.0,0.0,0.0,0.0,0.0,0.0
xoxoox xoxox    x o ,0.0,0.0,0.0,0.0,0.0,0.0,0.0
xoxoox xoxox    xo o ,0.0,0.0,0.0,0.0,0.0,0.0,0.0
xoxoox xoxoxx    xo o ,0.0,0.0,0.0,0.0,0.0,0.0,0.0
xoxoox xoxoxx  o  xo o ,0.0,0.0,0.0,0.0,0.0,0.0,0.0
xoxoox xoxoxx x o  xo o ,0.0,0.0,2.1,0.0,0.0,0.0,0.0
xoxoox xoxoxx xo o  xo o ,0.0,0.0,0.0,0.0,0.0,0.0,0.0
xoxoox xoxoxx xox o  xo o ,0.0,0.0,2.1,0.0,0.0,0.0,0.0
xoxoox xoxoxx xoxo o  xo o ,0.0,0.0,0.0,0.0,0.0,0.0,0.0
xoxoox xoxoxx xoxox o  xo o ,0.0,0.0,0.0,0.0,0.0,1.5,0.0
xoxoox xoxoxx xoxox o  xoo o ,0.0,0.0,0.0,0.0,0.0,-0.3,0.0
xoxoox xoxoxx xoxox o  xoox o ,0.0,0.0,0.0,0.0,0.0,0.0,0.0
xoxoox xoxoxx xoxoxo ox  xoox o ,0.0,0.0,0.0,0.0,0.0,0.0,0.0
xoxoox xoxoxx xoxoxo oxo  xoox o ,0.0,0.0,0.0,0.0,0.0,0.0,0.0
xoxoox xoxoxx xoxoxo oxox  xoox o ,0.0,0.0,0.0,0.0,0.0,0.0,-3.6
xoxoox xoxoxx xoxoxo oxox  xoox oo ,0.0,0.0,0.0,0.0,0.0,0.0,0.0
xoxoox xoxoxx xoxoxo oxoxxo  xoox oo ,0.0,0.0,0.0,0.0,0.0,0.0,5.7
xoxoox xoxoxx xoxoxo oxoxxo  xoox oox ,0.0,0.0,0.0,0.0,0.0,0.0,0.0
xoxoox xoxoxx xoxoxo oxoxxo oxo xoox oox ,0.0,0.0,0.0,0.0,0.0,6.9,0.0
xoxoox xoxoxx xoxoxo oxoxxo oxo xooxx oox ,0.0,0.0,0.0,0.0,0.0,0.0,0.0
xoxoox xoxoxx xoxoxo oxoxxo oxoo xooxx oox ,0.0,0.0,0.0,0.0,0.0,7.199999999999999,0.0
xoxoox xoxoxx xoxoxo oxoxxo oxoo xooxxx oox ,0.0,0.0,0.0,0.0,0.0,0.0,-6.6
xoxoox xoxoxx xoxoxo oxoxxo oxoo xooxxx ooxo ,0.0,0.0,0.0,0.0,0.0,0.0,0.0
ooxo   x x  x ,0.0,0.0,0.0,0.0,0.0,0.0,0.0
ooxoox oxoxo  x x  x ,0.0,1.5,0.0,0.0,0.0,0.0,0.0
ooxoox oxoxox  x x  x ,0.0,0.0,0.0,0.0,0.0,0.0,0.0
ooxoox oxoxox o x x  x ,0.0,0.0,0.0,0.0,0.0,0.0,0.8999999999999999
ooxoox oxoxox o x x  xx ,0.0,0.0,0.0,0.0,0.0,0.0,0.0
ooxoox oxoxox oox x x  xx ,0.0,0.0,0.0,0.0,0.0,1.5,0.0
ooxoox oxoxox oox x x o xx ,0.0,0.0,0.0,0.0,0.0,0.0,0.0
ooxoox oxoxox ooxxox x x o xx ,0.0,0.0,0.0,2.1,0.0,0.0,0.0
ooxoox oxoxox ooxxox xo x o xx ,0.0,0.0,0.0,0.0,0.0,-1.5,0.0
ooxoox oxoxox ooxxox xo x ox xx ,0.0,0.0,0.0,0.0,0.0,1.5,0.0
ooxoox oxoxox ooxxox xo x oxo xx ,0.0,0.0,0.0,0.0,0.0,0.0,0.0
ooxoox oxoxox ooxxox xoxox x oxo xx ,0.0,0.0,0.0,1.5,0.0,0.0,0.0
ooxoox oxoxox ooxxox xoxoxo x oxo xx ,0.0,0.0,0.0,0.0,0.0,0.0,0.0
ooxoox oxoxox ooxxox xoxoxo xxo oxo xx ,0.0,0.0,0.0,0.0,-2.4,0.0,0.0
ooxoox oxoxox ooxxox xoxoxo xxox oxo xx ,0.0,0.0,0.0,0.0,0.0,0.0,4.5
ooxoox oxoxox ooxxox xoxoxo xxox oxo xxo ,0.0,0.0,0.0,0.0,0.0,-0.3,0.0
ooxoox oxoxox ooxxox xoxoxo xxox oxox xxo ,0.0,0.0,0.0,0.0,0.3,0.0,0.0
ooxoox oxoxox ooxxox xoxoxo xxoxo oxox xxo ,0.0,0.0,0.0,0.0,0.0,0.0,0.0
oo   x   x ,0.0,0.0,1.2,0.0,0.0,0.0,0.0
oo  x x   x ,0.0,0.0,0.0,0.0,0.0,0.0,0.0
oooxo  x x   x ,0.0,0.0,0.0,3.6,0.0,0.0,0.0
oooxo  x xx   x ,0.0,-2.4,0.0,0.0,0.0,0.0,0.0
oooxo o x xx   x ,0.0,0.0,5.7,0.0,0.0,0.0,0.0
oooxo o xx xx   x ,0.0,0.0,0.0,0.0,0.0,0.0,0.0
oooxoo ox xx xx   x ,0.0,0.0,0.0,0.0,0.0,-5.4,0.0
oooxoo ox xx xx  o x ,0.0,0.0,0.0,0.0,0.0,0.0,0.0
o x  x   o ,0.0,0.0,0.0,0.0,0.0,0.0,0.0
ox x  x   o ,0.0,0.0,0.0,-1.2,0.0,0.0,0.0
ox x  xo   o ,0.0,0.0,0.0,0.0,0.0,0.0,0.0
oxx x  xo   o ,0.0,-0.6,0.0,0.0,0.0,0.0,0.0
oxx xo  xo   o ,0.0,0.0,0.0,0.0,0.0,0.0,0.0
oxxxox xoo  xo   o ,0.0,1.2,0.0,0.0,0.0,0.0,0.0
oxxxox xoox  xo   o ,0.0,0.0,0.0,0.0,-0.6,0.0,0.0
oxxxox xoox  xo o  o ,0.0,0.0,0.0,0.0,0.0,0.6,0.0
oxxxox xoox  xo o x o ,0.0,0.0,0.0,0.0,0.0,0.0,0.0
oxxxox xooxox  xo o x o ,0.0,0.0,0.0,0.6,0.0,0.0,0.0
oxxxox xooxox  xoo o x o ,0.0,0.0,0.0,0.0,0.0,0.0,0.0
xoxo   x    ,0.0,0.0,0.0,0.0,0.0,0.0,0.0
xoxoox oxo  x    ,0.0,0.0,0.0,0.0,0.6,0.0,0.0
xoxoox oxo  x x   ,0.0,2.4,0.0,0.0,0.0,0.0,0.0
xoxoox oxoo  x x   ,0.0,0.0,0.0,0.0,0.0,0.0,0.0
xoxoox oxoox  x x   ,0.0,0.0,0.0,0.0,0.0,0.0,0.0
xo x    oox  ,0.0,0.0,0.0,0.0,1.7999999999999998,0.0,0.0
xo x   x oox  ,0.0,0.0,0.0,0.0,0.0,0.0,0.0
xoo x   x oox  ,0.0,0.0,0.0,0.0,2.4,0.0,0.0
xoo x   xx oox  ,0.0,0.0,0.0,0.0,0.0,0.0,0.0
xoooxo x   xx oox  ,0.0,0.0,0.0,0.0,0.0,0.0,3.0
xoooxo x   xx oox x ,0.0,0.0,0.0,0.0,0.0,0.0,0.0
xoooxo xoxoxo xo  xx oox x ,0.0,0.0,0.0,0.0,0.0,2.7,0.0
xoooxo xoxoxo xo  xx ooxx x ,0.0,0.0,0.0,0.0,-1.5,0.0,0.0
xoooxo xoxoxo xo  xxo ooxx x ,0.0,0.0,1.5,0.0,0.0,0.0,0.0
xoooxo xoxoxo xox  xxo ooxx x ,0.0,0.0,0.0,0.0,0.8999999999999999,0.0,0.0
xoooxo xoxoxo xox  xxoo ooxx x ,0.0,0.0,0.0,0.0,0.0,0.0,0.0
xoooxo xoxoxo xoxxox  xxoo ooxx x ,0.0,0.0,0.0,0.0,0.0,5.4,0.0
xoooxo xoxoxo xoxxox  xxoo ooxxo x ,0.0,0.0,0.0,0.0,0.0,0.0,0.0
xoxxoo  x  o   ,0.0,0.0,0.0,0.0,0.0,0.0,0.0
xoxxoo x x  o   ,0.0,0.0,0.0,0.0,0.0,-1.5,0.0
xoxxoo x x  o o  ,0.0,0.0,0.0,0.0,0.0,0.0,0.0
xoxxoo xxox x  o o  ,0.0,0.0,0.0,0.0,0.0,-3.6,0.0
xoxxoo xxox x  o oo  ,0.0,0.0,0.0,0.0,0.0,0.0,0.0
xoxxoo xxoxxo xxo  o oo  ,0.0,0.0,0.0,32.1,0.0,0.0,0.0
xoxxoo xxoxxo xxo x o oo  ,0.0,0.0,0.0,0.0,0.0,0.0,0.0
xoo x      ,0.0,0.0,0.0,1.5,0.0,0.0,0.0
xoo x  x    ,0.0,0.0,0.0,0.0,0.0,-1.5,0.0
xoo x  x  o  ,2.7,0.0,0.0,0.0,0.0,0.0,0.0
xoox x  x  o  ,0.0,0.0,0.0,0.0,0.0,0.0,0.0
xooxo x  x  o  ,0.0,3.9,0.0,0.0,0.0,0.0,0.0
xooxo xx  x  o  ,0.0,0.0,0.0,0.0,0.0,0.0,0.0
xooxoo xx  x  o  ,0.0,0.0,33.3,0.0,0.0,0.0,0.0
xooxoo xx x x  o  ,0.0,0.0,0.0,0.0,0.0,0.0,0.0
   xo    ,0.0,0.0,0.0,0.0,0.0,0.0,0.0
xox   xo    ,0.0,0.0,0.0,0.6,0.0,0.0,0.0
xox   xoo    ,0.0,0.8999999999999999,0.0,0.0,0.0,0.0,0.0
xox x  xoo    ,0.0,0.0,0.0,0.0,0.0,0.0,0.0
xoxo x  xoo    ,0.0,3.9,0.0,0.0,0.0,0.0,0.0
xoxo xx  xoo    ,0.0,0.0,0.0,0.0,0.0,0.0,0.0
xoxoo xx  xoo    ,0.0,0.0,0.0,5.4,0.0,0.0,0.0
xoxoo xx  xoox    ,0.0,0.0,0.0,0.0,0.0,0.0,0.0
xx o  o    ,0.0,0.0,0.0,0.0,0.0,0.0,0.0
xxxo o  o    ,0.0,0.0,0.0,0.0,0.0,0.0,0.0
xxxo o x o    ,0.0,0.0,0.0,0.0,0.0,0.0,0.0
xxxoox o x o    ,0.0,0.0,0.0,0.0,0.0,0.6,0.0
xxxoox o x o  o  ,0.0,0.0,0.0,0.0,0.0,0.0,0.0
xxxoox ox x o  o  ,0.0,0.0,0.0,0.0,0.0,-1.5,0.0
xxxoox ox x o  oo  ,0.0,0.0,0.0,0.0,0.0,0.0,0.0
xo     x  ,0.0,0.0,0.0,0.0,0.0,0.0,0.0
xo    o x  ,0.0,0.0,0.0,0.0,0.0,0.0,0.0
xox    o x  ,0.0,0.0,0.6,0.0,0.0,0.0,0.0
xox  o  o x  ,0.0,0.0,0.0,0.0,0.0,0.0,0.0
xoxx  o  o x  ,0.0,0.0,0.0,0.0,0.6,0.0,0.0
xoxx  o  oo x  ,0.3,0.0,0.0,0.0,0.0,0.0,0.0
xoxxx  o  oo x  ,0.0,0.0,0.0,0.0,0.0,0.0,0.0
xoxxxo xox o  oo x  ,0.0,0.0,0.0,0.0,1.5,0.0,0.0
xoxxxo xox o  ooo x  ,0.0,0.0,0.0,0.0,0.0,0.0,0.0
xoxxxo xoxxox ooxo  ooo x  ,0.0,0.0,-1.5,0.0,0.0,0.0,0.0
xoxxxo xoxxox ooxox  ooo x  ,0.0,0.0,0.0,0.0,0.0,0.0,0.0
xoxxxo xoxxox ooxoxo x ooo x  ,0.0,0.0,0.0,63.0,0.0,0.0,0.0
xoxxxo xoxxox ooxoxo xo ooo x  ,0.0,0.0,0.0,0.0,0.0,0.0,0.0
oox   x x   ,0.0,0.0,-0.6,0.0,0.0,0.0,0.0
oox  o x x   ,0.0,0.0,0.0,0.0,0.0,0.0,0.0
ooxxo  o x x   ,1.2,0.0,0.0,0.0,0.0,0.0,0.0
ooxxox  o x x   ,0.0,0.0,0.0,0.0,0.0,0.0,0.0
ooxxox ox o x x   ,0.0,0.0,0.0,0.0,-1.2,0.0,0.0
ooxxox ox o x xo   ,0.0,0.0,2.7,0.0,0.0,0.0,0.0
ooxxox ox ox x xo   ,0.0,0.0,0.0,0.0,0.0,0.0,0.0
ooxxox oxox ox x xo   ,0.0,0.0,0.0,0.0,0.0,0.0,0.0
ooxxox oxox ox xo xo   ,0.0,0.0,0.0,0.0,0.0,0.0,0.8999999999999999
ooxxox oxox ox xo xo  x ,0.0,0.0,0.0,0.0,0.0,0.0,0.0
ooxxox oxoxox ox xo xo  x ,0.0,0.0,-0.3,0.0,0.0,0.0,0.0
ooxxox oxoxox oxo xo xo  x ,0.0,0.0,0.0,0.0,0.0,0.0,0.0
ooxxox oxoxox oxoxo xo xo  x ,0.0,0.0,0.0,0.0,1.5,0.0,0.0
ooxxox oxoxox oxoxo xo xox  x ,0.0,0.0,0.0,0.0,0.0,0.0,0.0
ooxxox oxoxox oxoxoo xoxo xox  x ,0.0,0.0,0.0,0.0,0.0,27.9,0.0
ooxxox oxoxox oxoxoo xoxo xox x x ,0.0,0.0,0.0,0.0,0.0,0.0,0.0
