state,0,1,2,3,4,5,6,7,8
eeeexeeee,-5.110306852120967,-6.084794910121308,-4.948726576315683,-5.560781437797901,0.0,-5.943361228861235,-4.976390971834972,-6.076901193904566,-4.7677148177298125
oeeexeeee,0.0,11.0059459092,18.06637365656764,17.92917059824446,0.0,0.0,3.6,4.534439999999999,8.152264061526004
eeeexoeee,10.281814501389206,10.716068894034104,6.018034158868169,9.927829853555558,0.0,0.0,15.072453289364091,7.6695623881283055,14.118997567461651
eeeeeeeex,0.0,-0.7599,0.0,-0.3,0.0,-0.3,0.0,-0.51,0.0
eeeeeeeox,0.0,0.0,0.0,0.0,0.0,0.0,0.0,0.0,0.0
eeeexeeox,0.0,-6.12,0.0,-5.609999999999999,0.0,0.0,0.0,0.0,0.0
eoeexeeox,0.0,0.0,0.0,0.0,0.0,0.0,0.0,0.0,0.0
eeeeeeeee,31.019599698318203,29.915050164751698,30.67893622450612,29.88824783503596,31.679124232342527,30.09106900154837,30.10142790913724,30.08940928182681,30.737316840846105
eeeeoeeex,21.40273988237264,16.66361937093747,29.122219783933925,21.27908729764369,0.0,27.05599183661249,26.36555516622989,27.477720397839263,0.0
eeexoeeex,0.0,0.0,0.0,0.0,0.0,0.0,0.0,0.0,0.0
eeeeeexee,0.0,-0.219,0.0,-0.3,0.3,0.0,0.0,0.0,0.0
eeexeeeee,0.0,0.162,0.4619999999999999,0.0,0.6,0.0,0.0,0.162,0.0
eeexoeeee,15.319514594601545,6.054905637369208,6.478009236411648,0.0,0.0,9.731276099262583,9.7492999854069,8.347772275319159,8.441077244292803
eeexoeoex,0.0,0.0,5.1,0.0,0.0,0.0,0.0,-1.323,0.0
eexxoeoex,0.0,0.0,0.0,0.0,0.0,0.0,0.0,0.0,0.0
xexxoooox,0.0,-2670.0,0.0,0.0,0.0,0.0,0.0,0.0,0.0
xxxxoooox,0.0,0.0,0.0,0.0,0.0,0.0,0.0,0.0,0.0
eeeeoexee,21.7065664565764,20.512384654567327,18.43677481083705,27.427811151047035,0.0,21.806253675316366,0.0,23.01196833355306,28.44333012999343
eexeoexee,0.0,0.0,0.0,0.0,0.0,0.0,0.0,0.0,0.0
oexeoexee,0.0,0.0,0.0,0.0,0.0,1.458,0.0,0.0,5.4
oexeoexxe,0.0,0.0,0.0,0.0,0.0,0.0,0.0,0.0,0.0
xoxooexee,0.0,0.0,0.0,0.0,0.0,0.0,0.0,0.0,0.0
xoxooexex,0.0,0.0,0.0,0.0,0.0,0.0,0.0,0.0,0.0
xeeeeeeee,0.0,-0.51,0.0,0.0,0.0,0.0,0.0,0.0,0.0
eexeeeeee,0.0,-0.51,0.0,-0.3,0.0,-0.3,0.0,-0.3,0.0
xoxxeeoeo,0.0,0.0,0.0,0.0,0.0,-0.3,0.0,0.0,0.0
xoxxexoeo,0.0,0.0,0.0,0.0,0.0,0.0,0.0,0.0,0.0
xoxxoxoeo,0.0,0.0,0.0,0.0,0.0,0.0,0.0,-2700.0,0.0
xoxxoxoxo,0.0,0.0,0.0,0.0,0.0,0.0,0.0,0.0,0.0
oexeoxxee,0.0,0.0,0.0,0.0,0.0,0.0,0.0,0.0,0.0
oexeoexex,0.0,0.0,0.0,0.0,0.0,0.0,0.0,0.0,0.0
xeeoeoxee,0.0,0.8999999999999999,0.0,0.0,0.0,0.0,0.0,0.0,0.0
xxeoeoxee,0.0,0.0,0.0,0.0,0.0,0.0,0.0,0.0,0.0
eeeeoexex,0.0,0.0,0.0,0.0,0.0,0.0,0.0,0.0,0.0
eeeexeoee,0.0,3.3,0.0,0.0,0.0,0.0,0.0,4.191,0.0
eexexeoee,0.0,0.348,0.0,0.0,0.0,0.0,0.0,2.748,2.4
eexexeoeo,0.0,0.0,0.0,0.0,0.0,0.0,0.0,5.609999999999999,0.0
eexexeoxo,-0.3,0.0,0.0,0.0,0.0,-5.1,0.0,0.0,0.0
eexexooxo,0.0,0.0,0.0,0.0,0.0,0.0,0.0,0.0,0.0
eoeexeeex,0.0,0.0,0.0,-5.609999999999999,0.0,-5.609999999999999,-5.1,0.0,0.0
eoeoxeeex,0.0,0.0,0.0,0.0,0.0,0.0,0.0,0.0,0.0
eoeoxexex,0.0,0.0,-5.1,0.0,0.0,0.0,0.0,0.0,0.0
eoooxexex,0.0,0.0,0.0,0.0,0.0,0.0,0.0,0.0,0.0
eeeexeeoe,14.427547435076695,10.613337496581776,22.609367827863075,9.368735061384,0.0,20.737152213740607,15.713337496581774,0.0,16.637089756437685
eeeexexoe,0.0,0.0,0.0,-3.3,0.0,-5.609999999999999,0.0,0.0,-3.3
eeeexoxoe,0.0,3.6,0.0,0.0,0.0,0.0,0.0,0.0,0.0
eexeeeeeo,0.0,0.0,0.0,0.0,0.0,0.0,0.0,0.0,0.0
eexeeexeo,0.0,-2.7,0.0,0.0,0.0,0.0,0.0,0.0,0.0
eoxeeexeo,0.0,0.0,0.0,0.0,0.0,0.0,0.0,0.0,0.0
eeeeexeee,0.61287,0.1654749,0.381,0.0,0.0,0.0,0.0,0.1654749,0.4654748999999999
oeeeexeee,0.0,0.0,0.0,0.0,0.0,0.0,0.0,0.3,0.0
oeexexeee,0.0,0.0,0.0,0.0,0.0,0.0,-2.1,0.0,0.0
oeexexoee,0.0,0.0,0.0,0.0,0.0,0.0,0.0,0.0,0.0
oeeexeeex,0.0,0.0,2.4,0.0,0.0,-0.3,3.048,0.0,0.0
oeeexoeex,0.0,4.814699999999999,5.609999999999999,2.1147,0.0,0.0,0.0,0.0,0.0
oeeexoxex,0.0,0.0,-0.3,0.0,0.0,0.0,0.0,0.0,0.0
oeoexoxex,0.0,6.0,0.0,0.0,0.0,0.0,0.0,0.0,0.0
eoxexeoee,0.0,0.0,0.0,5.609999999999999,0.0,0.0,0.0,0.0,0.0
eexeeeeoe,0.0,0.0,0.0,0.0,3.9,0.0,0.0,0.0,0.0
eexeeexoe,0.0,0.0,0.0,0.0,0.0,-3.0,0.0,0.0,0.0
eexeeoxoe,0.0,0.0,0.0,0.0,0.0,0.0,0.0,0.0,0.0
eoeeeeeex,0.0,0.0,0.0,0.0,0.0,0.0,3.6,4.272,0.0
ooxexeeex,0.0,0.0,0.0,0.0,0.0,0.0,-0.657,0.0,0.0
ooxexeoex,0.0,0.0,0.0,0.0,0.0,0.0,0.0,0.0,0.0
oeeeeeeex,0.0,0.0,0.0,0.0,0.8999999999999999,0.0,0.0,0.0,0.0
oeoexeeex,0.0,0.0,0.0,0.0,0.0,0.3,0.0,0.0,0.0
oxoexeeex,0.0,0.0,0.0,-0.3,0.0,-5.1,0.0,0.0,0.0
oxoexoeex,0.0,0.0,0.0,0.0,0.0,0.0,0.0,0.0,0.0
eoxexeeee,0.0,0.0,0.0,-8.3589,0.0,-3.3,-0.3,0.0,0.0
eoxoxeeee,0.0,0.0,0.0,0.0,0.0,0.0,0.0,0.0,0.0
eoxexoeee,0.0,0.0,0.0,0.0,0.0,0.0,0.0,0.0,0.0
eeoexeeee,4.771154699999999,5.35862546763,0.0,0.0,0.0,10.0840060145601,0.8999999999999999,0.0,3.843
oxooxexex,0.0,0.0,0.0,0.0,0.0,-6.0,0.0,0.0,0.0
oxooxoxex,0.0,0.0,0.0,0.0,0.0,0.0,0.0,0.0,0.0
eeeexeeeo,5.505981151409999,3.543,4.55661,7.70148399,0.0,4.5302847,0.0,4.5302847,0.0
eeeexexeo,0.0,-5.1,0.0,-3.0,0.0,-0.6,0.0,-3.3,0.0
eoeexexeo,0.0,0.0,0.0,0.0,0.0,0.0,0.0,0.0,0.0
eexoeeeee,0.0,0.0,0.0,0.0,0.0,0.0,0.0,0.0,0.0
eexoeeeex,0.0,0.0,0.0,0.0,0.0,0.0,0.0,0.0,0.0
eexooeeex,0.0,0.0,0.0,0.0,0.0,0.0,0.0,0.0,0.0
eoeexxeee,-0.51,0.0,0.0,-0.3,0.0,0.0,-4.59,-3.3,0.0
eoeoxxeee,0.0,0.0,0.0,0.0,0.0,0.0,0.0,0.6,0.0
xoeexeeee,0.0,0.0,-3.3,-5.609999999999999,0.0,-7.226999999999999,0.0,0.0,-0.3
xoeexoeee,0.0,0.0,0.0,0.0,0.0,0.0,0.0,0.0,0.0
exeexoeee,0.0,0.0,0.0,-3.3,0.0,0.0,0.0,-0.51,0.0
exeoxoeee,0.0,0.0,0.0,0.0,0.0,0.0,0.0,0.0,0.0
eoeexeeee,16.968390675381155,0.0,11.828772020122798,4.572,0.0,13.329573482352911,10.00568796,8.00493086220876,0.0
eoeexeoex,0.0,0.0,0.0,0.0,0.0,0.0,0.0,0.0,0.0
eeoexeeex,2.4,-0.6,0.0,-5.15088,0.0,-3.3,0.0,-4.452,0.0
eeoexoeex,0.0,0.0,0.0,0.0,0.0,0.0,0.0,0.0,0.0
xoeoxeeee,0.0,0.0,0.0,0.0,0.0,0.0,0.0,0.0,0.0
exeexoeoe,6.0,0.0,7.619999999999999,2.6574,0.0,0.0,5.6574,0.0,0.0
exxexoeoe,0.0,0.0,0.0,0.0,0.0,0.0,0.0,0.0,0.0
exxexoooe,0.0,0.0,0.0,0.0,0.0,0.0,0.0,0.0,0.0
eeeoxeeex,2.1,0.0,-2.433,0.0,0.0,0.0,-0.0329999999999999,-4.6461,0.0
oeeoxeeex,0.0,0.0,3.6,0.0,0.0,0.0,0.0,0.0,0.0
oeeoxexex,0.0,-3.3,0.0,0.0,0.0,0.0,0.0,0.0,0.0
ooeoxexex,0.0,0.0,0.0,0.0,0.0,0.0,0.0,0.0,0.0
eeeoxeeee,16.342282006619378,19.45637552690838,16.310458976037303,0.0,0.0,15.271464727120206,18.684029725443256,18.82637673290377,5.01861
eeeoxeoex,0.0,0.0,0.0,0.0,0.0,0.0,0.0,0.0,0.0
oxeexoeex,0.0,0.0,0.0,0.0,0.0,0.0,0.0,0.0,0.0
oxeexooex,0.0,0.0,0.0,0.0,0.0,0.0,0.0,0.0,0.0
eexexeeeo,0.0,0.0,0.0,-1.5808799999999998,0.0,-4.5084,5.256,0.8191200000000001,0.0
eexexoeee,0.0,-5.609999999999999,0.0,0.0,0.0,0.0,0.0,0.0,-3.3
eexexoeeo,0.0,0.0,0.0,0.0,0.0,0.0,0.0,0.0,0.0
xeeexeoee,0.0,0.0,-3.9984,-2.652,0.0,-4.452,0.0,0.0,2.4
xeeexooee,0.0,0.0,0.0,0.0,0.0,0.0,0.0,0.0,0.0
eeoexxeee,0.0,-0.51,0.0,0.0,0.0,0.0,-2.7,0.0,-2.7
oeoexxeee,0.0,0.0,0.0,0.0,0.0,0.0,0.0,0.0,0.657
eeeoxexee,-3.3,0.0,0.0,0.0,0.0,-3.6,0.0,-3.3,0.0
oeeoxexee,0.0,0.0,0.0,0.0,0.0,0.0,0.0,0.0,0.0
eeoexeeox,0.0,0.0,0.0,0.0,0.0,0.0,0.0,0.0,0.0
eeeexeoex,2.4,0.0,0.0,0.0,0.0,-3.0,0.0,0.0,0.0
eeeexooex,0.0,0.0,0.0,0.0,0.0,0.0,0.0,0.0,0.0
eeoxxeeee,2.27054664,0.9894266399999998,0.0,0.0,0.0,8.16249111439512,-1.5983999999999998,-0.8368785019439997,3.4525041460560004
eooxxeeee,0.0,0.0,0.0,0.0,0.0,0.0,0.0,0.0,0.0
eexoxeeee,0.0,0.0,0.0,0.0,0.0,0.0,2.1,-2.733,-2.433
eexoxeoee,0.0,3.462,0.0,0.0,0.0,1.95474,0.0,0.0,0.0
eooexxeee,6.3,0.0,0.0,0.0,0.0,0.0,0.0,0.0,0.0
eeeexoexe,-2.7,-0.3,0.0,0.0,0.0,0.0,0.0,0.0,0.0
eoeexoexe,0.0,0.0,0.0,0.0,0.0,0.0,0.0,0.0,0.0
eeexxeeeo,0.0,-5.913,0.0,0.0,0.0,2.4,0.0,0.0,0.0
eoexxeeeo,0.0,0.0,0.0,0.0,0.0,0.0,0.0,0.0,0.0
oeeexoexe,0.0,0.0,0.0,0.0,0.0,0.0,0.0,0.0,0.0
oeeexeexe,0.0,0.0,0.0,0.0,0.0,-4.59,0.0,0.0,0.0
oeeexxeee,0.0,-0.3,0.0,0.0,0.0,0.0,0.0,0.0,-2.7
oeeexxeeo,0.0,0.0,0.0,0.0,0.0,0.0,0.0,0.0,0.0
xeeoxeeee,0.0,0.0,-3.0,0.0,0.0,0.0,0.0,-3.3,-0.3
xeeoxeeoe,0.0,0.0,0.0,0.0,0.0,0.0,0.0,0.0,0.0
exeexeoee,0.0,0.0,-2.7,-0.3,0.0,-3.4884000000000004,0.0,2.4,0.648
exeoxeoee,0.0,0.0,0.0,0.0,0.0,0.0,0.0,0.0,0.0
eooexeeex,0.0,0.0,0.0,0.0,0.0,0.0,0.0,0.0,0.0
oxoexeeox,0.0,0.0,0.0,3.0,0.0,0.0,0.0,0.0,0.0
oxoxxeeox,0.0,0.0,0.0,0.0,0.0,0.0,-3.0,0.0,0.0
oxoxxeoox,0.0,0.0,0.0,0.0,0.0,0.0,0.0,0.0,0.0
eeeexxeeo,0.0,0.0,0.0,0.0,0.0,0.0,0.0,0.0,0.0
eeeoxxeeo,0.0,3.0,0.0,0.0,0.0,0.0,0.0,0.0,0.0
eexoxxeeo,0.0,-2.4,0.0,0.0,0.0,0.0,0.0,0.0,0.0
eoxoxxeeo,0.0,0.0,0.0,0.0,0.0,0.0,0.0,0.0,0.0
exeexeeeo,-3.4884000000000004,0.0,1.1016,-3.4884000000000004,0.0,0.4446,0.0,2.4,0.0
exeexoeeo,0.0,0.0,0.0,0.0,0.0,0.0,0.0,0.0,0.0
exeexeeoo,0.0,0.0,3.3,0.0,0.0,0.0,0.0,0.0,0.0
exeexexoo,-5.1,0.0,2.4,0.0,0.0,0.0,0.0,0.0,0.0
oxeexexoo,0.0,0.0,0.0,0.0,0.0,0.0,0.0,0.0,0.0
oexexeeee,0.0,0.0,0.0,0.10512,0.0,-3.9984,2.4,-3.0,-5.922
oexexeeeo,0.0,13.8,0.0,0.0,0.0,0.0,30.0,14.1,0.0
eeeexxoee,0.0,-2.7,-4.59,0.0,0.0,0.0,0.0,0.0,0.0
eeoexxoee,0.0,0.0,0.0,0.0,0.0,0.0,0.0,0.0,0.0
oeeexexee,0.0,-1.314,0.0,-3.3,0.0,-3.0,0.0,-3.0,0.0
ooeexexee,0.0,0.0,0.0,0.0,0.0,0.0,0.0,0.0,0.0
eeexxeeoe,-2.7,-5.609999999999999,0.0,0.0,0.0,-0.51,0.0,0.0,0.0
eoexxeeoe,0.0,0.0,0.0,0.0,0.0,0.0,0.0,0.0,0.0
ooeexxeee,0.0,0.0,0.0,0.0,0.0,0.0,0.0,0.0,0.0
oxeexeeee,0.0,0.0,-2.7,-0.8319300000000001,0.0,-2.7,0.0,0.0,-2.7
oxeexeeeo,0.0,0.0,0.0,0.0,0.0,0.0,0.0,0.0,0.0
oexexeeoe,0.0,0.0,0.0,0.0,0.0,0.0,0.0,0.0,0.0
oeexxeoex,0.0,-0.3,-0.3,0.0,0.0,0.0,0.0,-5.1,0.0
oeexxeoox,0.0,0.0,0.0,0.0,0.0,0.0,0.0,0.0,0.0
xexoxeoee,0.0,-3.0,0.0,0.0,0.0,0.0,0.0,0.0,-0.3
xoxoxeoee,0.0,0.0,0.0,0.0,0.0,0.0,0.0,0.0,0.0
eeeoxexoe,6.3,0.0,0.0,0.0,0.0,0.0,0.0,0.0,0.0
oexexeoee,0.0,0.0,0.0,0.0,0.0,3.2754,0.0,0.0,1.02
xeoexeeee,0.0,-4.119127199999999,0.0,-2.90976,0.0,0.0,-1.5808799999999998,-2.90976,5.256
xeoexeeeo,0.0,0.0,0.0,5.1,0.0,0.0,0.0,0.0,0.0
eeoexeexe,1.1016,2.4,0.0,0.0,0.0,0.0,-3.4884000000000004,0.0,0.0
eooexeexe,0.0,0.0,0.0,0.0,0.0,0.6,0.0,0.0,0.0
oeoxxeeee,0.0,0.0,0.0,0.0,0.0,0.0,0.0,0.0,0.0
xeoexxeeo,0.0,-8.82351,0.0,0.0,0.0,0.0,-0.3,-0.51,0.0
xooexxeeo,0.0,0.0,0.0,0.0,0.0,0.0,0.0,0.0,0.0
xxooxxeeo,0.0,0.0,0.0,0.0,0.0,0.0,0.0,0.0,0.0
xxooxxoeo,0.0,0.0,0.0,0.0,0.0,0.0,0.0,-2670.0,0.0
xexoxeoeo,0.0,0.0,0.0,0.0,0.0,0.0,0.0,0.0,0.0
xeeexeoeo,0.0,0.0,0.0,0.0,0.0,0.0,0.0,0.0,0.0
eeooxeeex,0.0,0.0,0.0,0.0,0.0,0.0,0.0,0.0,0.0
eeeexexoo,0.0,0.0,0.0,0.0,0.0,0.0,0.0,0.0,0.0
xeooxeeee,0.0,0.0,0.0,0.0,0.0,0.0,0.0,0.0,0.0
eoexxeeee,-0.3,0.0,-0.3,0.0,0.0,0.0,0.0,0.0,0.0
ooexxeeee,0.0,0.0,0.0,0.0,0.0,0.0,0.0,0.0,0.8999999999999999
xeooxxexo,0.0,0.0,0.0,0.0,0.0,0.0,-5.1,0.0,0.0
xeooxxoxo,0.0,0.0,0.0,0.0,0.0,0.0,0.0,0.0,0.0
exoexeeee,-5.913,0.0,0.0,-6.8391,0.0,-0.3,-5.913,0.0,0.0
exooxeeee,0.0,0.0,0.0,0.0,0.0,0.0,0.0,0.0,0.0
eeoxxoeee,4.272,0.0,0.0,0.0,0.0,0.0,0.0,0.0,3.6
xooexeexe,0.0,0.0,0.0,-1.89245136,0.0,0.0816,0.0,0.0,4.102032
xooexeexo,0.0,0.0,0.0,0.0,0.0,0.0,0.0,0.0,0.0
xoexxeoxo,0.0,0.0,0.0,0.0,0.0,0.0,0.0,0.0,0.0
xooxxeoxo,0.0,0.0,0.0,0.0,0.0,0.0,0.0,0.0,0.0
eeoexeoxe,0.0,0.0,0.0,0.0,0.0,0.0,0.0,0.0,0.0
eeoxxoeex,2.4,-0.3719999999999999,0.0,0.0,0.0,0.0,0.0,0.0,0.0
eooxxoeex,0.0,0.0,0.0,0.0,0.0,0.0,0.0,0.0,0.0
xeoexxeoo,0.0,0.0,0.0,0.0,0.0,0.0,0.0,0.0,0.0
xooexxexo,0.0,0.0,0.0,0.0,0.0,0.0,-5.1,0.0,0.0
xoooxxexo,0.0,0.0,0.0,0.0,0.0,0.0,0.0,0.0,0.0
xeoexeeoe,0.0,0.0,0.0,0.0,0.0,0.0,0.0,0.0,0.0
oxooxeeex,0.0,0.0,0.0,0.0,0.0,0.0,0.0,0.0,0.0
xooexoexe,0.0,0.0,0.0,0.0,0.0,0.0,0.0,0.0,0.0
oeeexxoee,0.0,0.0,0.0,0.0,0.0,0.0,0.0,0.0,0.0
oeoxxoeex,0.0,4.109999999999999,0.0,0.0,0.0,0.0,0.0,3.0,0.0
eeeoxoxee,0.0,6.6,0.0,0.0,0.0,0.0,0.0,0.0,0.0
eeoxxeeeo,0.0,0.0,0.0,0.0,0.0,0.0,0.0,0.0,0.0
exoexoeee,0.0,0.0,0.0,0.0,0.0,0.0,0.0,0.0,0.0
xeoexxoeo,0.0,0.0,0.0,0.0,0.0,0.0,0.0,0.0,0.0
eexoxeeoe,0.0,0.0,0.0,0.0,0.0,0.0,0.0,0.0,0.0
oxoxxoeex,0.0,0.0,0.0,0.0,0.0,0.0,-3.0,-0.81,0.0
oxoxxoeox,0.0,0.0,0.0,0.0,0.0,0.0,-4590.0,0.0,0.0
eeooxxeee,0.0,0.0,0.0,0.0,0.0,0.0,0.0,0.0,0.0
eeoxxeoee,0.0,0.0,0.0,0.0,0.0,0.0,0.0,0.0,0.0
exoexeoee,0.0,0.0,0.0,0.0,0.0,0.0,0.0,0.0,0.0
exoexeeoe,0.0,0.0,0.0,0.0,0.0,0.0,0.0,0.0,0.0
xooexxoxo,0.0,0.0,0.0,0.0,0.0,0.0,0.0,0.0,0.0
oxoxxooex,0.0,0.0,0.0,0.0,0.0,0.0,0.0,0.0,0.0
oexxxeoee,0.0,0.0,0.0,0.0,0.0,0.0,0.0,0.0,-0.51
oexxxeoeo,0.0,0.0,0.0,0.0,0.0,0.0,0.0,0.0,0.0
oexoxeeee,0.0,0.0,0.0,0.0,0.0,0.0,0.0,0.0,0.0
oeexxeeee,0.0,0.0,0.0,0.0,0.0,0.0,0.0,-2.7,-2.7
eeeoxexeo,0.0,0.0,0.0,0.0,0.0,0.0,0.0,0.0,0.0
oexexoeee,0.0,0.0,0.0,0.0,0.0,0.0,0.0,0.0,0.0
oeeexexoe,0.0,0.0,0.0,0.0,0.0,0.0,0.0,0.0,0.0
oeoexeexe,0.0,0.0,0.0,0.0,0.0,0.0,0.0,0.0,0.0
oxoexexee,0.0,0.0,0.0,0.0,0.0,0.0,0.0,0.0,-0.657
oxoexexeo,0.0,0.0,0.0,0.0,0.0,0.0,0.0,0.0,0.0
oeexxoeee,0.0,3.1619999999999995,0.0,0.0,0.0,0.0,3.85374,0.0,0.6
oxeoxeeee,0.0,0.0,0.0,0.0,0.0,0.0,0.0,0.0,0.0
ooxexeexe,0.0,0.0,0.0,0.0,0.0,-4.452,2.4,0.0,0.0
ooxexoexe,0.0,0.0,0.0,0.0,0.0,0.0,0.0,0.0,0.0
eeeexoeex,0.0,-3.3,0.0,-3.6,0.0,0.0,0.0,0.0,0.0
eoeexoeex,0.0,0.0,0.0,0.0,0.0,0.0,0.0,0.0,0.0
ooxexeoxe,0.0,0.0,0.0,0.0,0.0,3.0,0.0,0.0,0.0
eeeeoexox,1.7947428550875677,1.80425270574,2.3487182269068607,2.535807812327448,0.0,2.204357120529988,0.0,0.0,0.0
exeeoexox,0.0,0.0,0.0,0.0,0.0,0.0,0.0,0.0,0.0
xeeexoeeo,0.0,0.0,11.1231,0.0,0.0,0.0,0.0,4.533237,0.0
xeeexoexo,0.0,0.0,0.0,0.0,0.0,0.0,0.0,0.0,0.0
xoxexeoeo,0.0,0.0,0.0,0.0,0.0,0.0,0.0,0.0,0.0
xoxxxeoeo,0.0,0.0,0.0,0.0,0.0,0.0,0.0,0.0,0.0
xeexxoooe,0.0,0.0,0.0,0.0,0.0,0.0,0.0,0.0,30.0
xeexxooox,0.0,0.0,0.0,0.0,0.0,0.0,0.0,0.0,0.0
xexexoeeo,0.0,0.0,0.0,0.0,0.0,0.0,0.0,0.0,0.0
eeexoexox,0.0,0.0,0.0,0.0,0.0,0.0,0.0,0.0,0.0
exeeooxox,0.0,0.0,1.1909999999999998,3.3,0.0,0.0,0.0,0.0,0.0
exexooxox,0.0,0.0,0.0,0.0,0.0,0.0,0.0,0.0,0.0
xeeoxeeeo,0.0,5.7,0.0,0.0,0.0,0.0,4.839,0.0,0.0
xxeoxeeeo,0.0,0.0,0.0,0.0,0.0,0.0,0.0,0.0,0.0
eeeoxxeee,0.0,0.0,0.0,0.0,0.0,0.0,0.0,-0.3,0.0
eeexxoeee,0.0,0.0,0.0,0.0,0.0,0.0,0.0,0.0,0.0
exeooexox,0.0,0.0,0.0,0.0,0.0,3.3,0.0,0.0,0.0
exeooxxox,0.0,0.0,0.0,0.0,0.0,0.0,0.0,0.0,0.0
exoooxxox,-4590.0,0.0,0.0,0.0,0.0,0.0,0.0,0.0,0.0
xxoooxxox,0.0,0.0,0.0,0.0,0.0,0.0,0.0,0.0,0.0
xeeeoexee,0.0,0.0,0.0,0.0,0.0,0.0,0.0,0.0,0.0
eexexeeoe,0.0,0.0,0.0,0.0,0.0,-3.3,0.0,0.0,0.0
eexexeooe,3.88674,9.421725979158,0.0,2.6928198,0.0,7.645711927740001,0.0,0.0,16.095229362
exxexeooe,0.0,0.0,0.0,0.0,0.0,0.0,0.0,0.0,0.0
eeexxoeeo,1.2954,0.6,0.0,0.0,0.0,0.0,3.649758,0.0,0.0
exexxoeeo,0.0,0.0,0.0,0.0,0.0,0.0,0.0,0.0,0.0
eeeeoxxee,0.0,0.0,0.0,0.0,0.0,0.0,0.0,0.0,0.0
xeexxoeeo,0.0,0.0,0.0,0.0,0.0,0.0,0.0,0.0,0.0
exeeoexee,0.0,0.0,0.0,0.0,0.0,0.0,0.0,0.0,0.0
exeeoexeo,5.4,0.0,0.0,0.0,0.0,-2.4,0.0,0.0,0.0
exeeoxxeo,0.0,0.0,0.0,0.0,0.0,0.0,0.0,0.0,0.0
xeeoxxoeo,0.0,3.081,0.3,0.0,0.0,0.0,0.0,0.0,0.0
xexoxxoeo,0.0,0.0,0.0,0.0,0.0,0.0,0.0,0.0,0.0
eeeexxeoe,0.0,0.0,-2.7,0.0,0.0,0.0,0.0,0.0,0.0
xeeoxxeoo,0.0,0.3,0.0,0.0,0.0,0.0,0.0,0.0,0.0
xxeoxxeoo,0.0,0.0,0.0,0.0,0.0,0.0,0.0,0.0,0.0
xeeooexee,0.0,0.74633363742,2.1381285778209573,0.0,0.0,2.876040220945011,0.0,1.764562741085718,1.3990694974200002
xeeooxxee,0.0,0.0,0.0,0.0,0.0,0.0,0.0,0.0,0.0
oexoxeeex,0.0,0.0,0.0,0.0,0.0,0.0,0.0,0.0,0.0
xoeoxxeeo,0.0,0.0,0.0,0.0,0.0,0.0,3.0,0.0,0.0
xoeoxxxeo,0.0,0.0,0.0,0.0,0.0,0.0,0.0,0.0,0.0
xxooxxeoo,0.0,0.0,0.0,0.0,0.0,0.0,-2700.0,0.0,0.0
xxooxxxoo,0.0,0.0,0.0,0.0,0.0,0.0,0.0,0.0,0.0
eeeeoexxe,0.0,0.0,0.0,0.3,0.0,0.0,0.0,0.0,0.0
eeeeoxeee,11.709616444708256,9.001831176301568,15.347213512891429,6.403138933343303,0.0,0.0,8.097971833343305,8.85707748469607,10.986282311427551
eoeeoxxee,0.0,0.0,0.0,0.0,0.0,0.0,0.0,7.75179,8.1568833
eoeeoxxxe,0.0,0.0,0.0,0.0,0.0,0.0,0.0,0.0,0.0
eoeeoxxxo,5.1,0.0,0.0,0.0,0.0,0.0,0.0,0.0,0.0
xoeeoxxxo,0.0,0.0,0.0,0.0,0.0,0.0,0.0,0.0,0.0
xoeooxxxo,0.0,0.0,-5913.0,0.0,0.0,0.0,0.0,0.0,0.0
xoxooxxxo,0.0,0.0,0.0,0.0,0.0,0.0,0.0,0.0,0.0
eeeeeeexe,0.40287,0.0,0.0,0.0,0.86949159837,0.0,0.998117031,0.0,0.381
eeeeoeexe,15.37259029111813,7.699572137080991,10.653416455490046,10.151557451453009,0.0,10.66582622007228,15.48822744922673,0.0,19.848850813937368
eeexoeexe,0.0,0.0,3.3,0.0,0.0,0.0,0.0,0.0,0.0
oeexoeexe,0.0,-3.8607,0.0,0.0,0.0,-3.0,-0.3,0.0,2.7
oeexoxexe,0.0,0.0,0.0,0.0,0.0,0.0,0.0,0.0,0.0
xeeeoeeex,0.0,0.0,0.0,0.0,0.0,0.0,0.0,0.0,0.0
xeeeoeeox,0.0,3.83187,3.081,0.3,0.0,0.0,0.0,0.0,0.0
xeexoeeox,0.0,0.0,0.0,0.0,0.0,0.0,0.0,0.0,0.0
eeeeoeexx,0.0,0.0,0.0,0.0,0.0,0.0,0.0,0.0,0.0
eeeeoeoxx,-2.13398452226612,-2.066402582390669,9.90843386713659,0.0,0.0,4.122163381617001,0.0,0.0,0.0
xeeeoeoxx,0.0,0.0,0.0,0.0,0.0,0.0,0.0,0.0,0.0
exeeeeeee,0.0,0.0,0.0,0.0,0.0,0.0,0.0,0.081,0.3
exeeoeeee,21.678908693149097,0.0,18.403059408440463,9.891540405247891,0.0,9.416140506330905,13.193615354127434,4.668826040278924,7.671630934556658
exexoeeee,3.3,0.0,0.0,0.0,0.0,0.0,0.0,0.0,0.0
exexoeeeo,5.1,0.0,0.0,0.0,0.0,0.0,1.377,-1.623,0.0
xxexoeeeo,0.0,0.0,0.0,0.0,0.0,0.0,3.3,0.0,0.0
xxexoeoeo,0.0,0.0,30.0,0.0,0.0,0.0,0.0,0.0,0.0
xxxxoeoeo,0.0,0.0,0.0,0.0,0.0,0.0,0.0,0.0,0.0
exeeoeeex,0.0,0.0,0.0,0.0,0.0,0.0,0.0,0.0,0.0
exeeoeoex,0.0,0.0,0.0,0.0,0.0,0.0,0.0,-3.0,0.0
exeeoeoxx,0.0,0.0,0.0,0.0,0.0,0.0,0.0,0.0,0.0
exoeoeeex,-2.7,0.0,0.0,0.0,0.0,0.0,3.0,0.0,0.0
xxoeoeeex,0.0,0.0,0.0,0.0,0.0,0.0,0.0,0.0,0.0
xoeeoeeex,0.0,0.0,0.0,0.0,0.0,0.0,0.0,5.1,0.0
xoeeoeexx,0.0,0.0,0.0,0.0,0.0,0.0,0.0,0.0,0.0
xoeeoeoxx,0.0,0.0,0.0,-5.913,0.0,0.0,0.0,0.0,0.0
xoexoeoxx,0.0,0.0,0.0,0.0,0.0,0.0,0.0,0.0,0.0
exeeoxeee,0.0,0.0,0.0,0.0,0.0,0.0,0.0,0.0,0.0
exeeoxeeo,2.7,0.0,0.0,-3.0,0.0,0.0,0.0,0.0,0.0
exexoxeeo,0.0,0.0,0.0,0.0,0.0,0.0,0.0,0.0,0.0
eexeoeeex,0.0,0.0,0.0,0.0,0.0,0.0,0.0,0.0,0.0
eexeooeex,1.599716024588075,0.8072942999999999,0.0,2.310906911793285,0.0,0.0,1.887590967632808,0.6476999999999999,0.0
xexeooeex,0.0,0.0,0.0,0.0,0.0,0.0,0.0,0.0,0.0
oeexoexxe,0.0,0.0,0.0,0.0,0.0,0.0,0.0,0.0,0.0
xeeeoeeee,0.0,25.62785123860759,26.16609503038019,21.97352601668853,0.0,8.84789710082057,24.84168175543209,18.938857020449728,16.551320508353562
xeexoeeee,0.0,0.0,0.0,0.0,0.0,0.0,0.0,0.0,-2.1
xeexoeoee,0.0,3.1616088300000005,5.913,0.0,0.0,-1.4034899999999997,0.0,-2.591676,-4.31649
xxexoeoee,0.0,0.0,0.0,0.0,0.0,0.0,0.0,0.0,0.0
eeoxoeeex,0.0,-0.9419999999999998,0.0,0.0,0.0,-3.0,5.4,1.458,0.0
eeoxoxeex,0.0,0.0,0.0,0.0,0.0,0.0,0.0,0.0,0.0
xeeooexex,0.0,0.0,0.0,0.0,0.0,0.0,0.0,0.0,0.0
xxeeoeeee,0.0,0.0,0.0,0.0,0.0,0.0,0.0,0.0,0.0
xxoeoeeee,0.0,0.0,0.0,0.429,0.0,-5.158601720999999,4.705830000000001,-3.0,-5.486262516
eeeeoxxeo,3.0,0.0,0.0,0.51,0.0,0.0,0.0,0.0,0.0
xeeeoxxeo,0.0,0.0,0.0,0.0,0.0,0.0,0.0,0.0,0.0
xeeooxxeo,0.0,0.0,2.7,0.0,0.0,0.0,0.0,0.0,0.0
xexooxxeo,0.0,0.0,0.0,0.0,0.0,0.0,0.0,0.0,0.0
xoxooxxeo,0.0,0.0,0.0,0.0,0.0,0.0,0.0,-2700.0,0.0
eexxxeooe,0.0,0.0,0.0,0.0,0.0,0.0,0.0,0.0,0.0
eexeoeeee,15.890907378844862,13.978118315714651,0.0,9.018977242074232,0.0,21.93399061939505,12.492407473120302,16.153747180136037,20.179473161336624
eexeoxeee,0.0,0.0,0.0,0.0,0.0,0.0,0.0,0.0,0.0
eexeoxeeo,4.503011669999999,0.9401878508999996,0.0,-5.5599198591,0.0,0.0,-5.913,-4.59,0.0
eexeoxexo,0.0,0.0,0.0,0.0,0.0,0.0,0.0,0.0,0.0
xeexoeoex,0.0,0.0,0.0,0.0,0.0,0.0,0.0,0.0,0.0
eeexoxeee,0.0,0.0,0.0,0.0,0.0,0.0,0.0,0.0,0.0
eeexoxeeo,0.0,-3.0,0.0,0.0,0.0,0.0,-0.51,0.0,0.0
eeexoxxeo,0.0,0.0,0.0,0.0,0.0,0.0,0.0,0.0,0.0
eeeeoxxox,0.0,0.0,0.0,0.0,0.0,0.0,0.0,0.0,0.0
eexxoeeee,0.0,0.0,0.0,0.0,0.0,0.0,0.3,0.0,0.0
eexxoeeoe,5.3997,0.0,0.0,0.0,0.0,0.0,2.534919,0.0,0.0
xexxoeeoe,0.0,0.0,0.0,0.0,0.0,0.0,0.0,0.0,0.0
xeeooxxoe,0.0,6.0508749,0.0,0.0,0.0,0.0,0.0,0.0,1.42287
xeeooxxox,0.0,0.0,0.0,0.0,0.0,0.0,0.0,0.0,0.0
eexxoooex,0.0,3.0,0.0,0.0,0.0,0.0,0.0,0.0,0.0
exxxoooex,0.0,0.0,0.0,0.0,0.0,0.0,0.0,0.0,0.0
oxxxoooex,0.0,0.0,0.0,0.0,0.0,0.0,0.0,-5913.0,0.0
oxxxoooxx,0.0,0.0,0.0,0.0,0.0,0.0,0.0,0.0,0.0
eeeoxxeoe,0.0,0.0,13.14,0.0,0.0,0.0,0.0,0.0,0.0
eexoxxeoe,0.0,0.0,0.0,0.0,0.0,0.0,2.4,0.0,0.0
eexoxxooe,6.0,0.0,0.0,0.0,0.0,0.0,0.0,0.0,31.62
xexoxxooe,0.0,0.0,0.0,0.0,0.0,0.0,0.0,0.0,0.0
eeeeoxeex,0.0,0.0,0.0,0.0,0.0,0.0,0.0,0.0,0.0
eeoeoxeex,-2.48319,-3.198933,0.0,-1.7607,0.0,0.0,4.59,1.954167,0.0
eeoeoxexx,0.0,0.0,0.0,0.0,0.0,0.0,0.0,0.0,0.0
exxeoxeeo,0.0,0.0,0.0,0.0,0.0,0.0,0.0,0.0,0.0
eexeooexx,0.0,0.0,0.0,0.0,0.0,0.0,0.0,0.0,0.0
exeeooeex,0.0,0.0,0.0,1.22574,0.0,0.0,0.762,0.0,0.0
exexooeex,0.0,0.0,0.0,0.0,0.0,0.0,0.0,0.0,0.0
exoxooeex,0.3,0.0,0.0,0.0,0.0,0.0,0.0,0.0,0.0
xxoxooeex,0.0,0.0,0.0,0.0,0.0,0.0,0.0,0.0,0.0
xeeeoeexe,0.0,0.0,0.0,0.0,0.0,0.0,0.0,0.0,0.0
xeeooeexe,0.0,0.1377,0.0,0.0,0.0,0.7377,0.51,0.0,0.4377
xeeooexxe,0.0,0.0,0.0,0.0,0.0,0.0,0.0,0.0,0.0
xeeeoexox,0.0,0.0,0.0,0.0,0.0,0.0,0.0,0.0,0.0
xeoeoeeex,0.0,-2.7,0.0,0.0,0.0,0.0,0.0,0.0,0.0
eexeoexox,0.0,0.0,0.0,0.0,0.0,0.0,0.0,0.0,0.0
xxoeoxeee,0.0,0.0,0.0,0.0,0.0,0.0,0.0,0.0,0.0
xexeoeeee,0.0,0.0,0.0,0.0,0.0,0.0,0.0,0.0,0.0
xoxeoeeee,0.0,0.0,0.0,0.40287,0.0,1.1987311346155856,1.5041178806603253,1.4953402478163902,1.8597983631847264
xoxeoeeex,0.0,0.0,0.0,0.0,0.0,0.0,0.3,0.0,0.0
eeoeoxxex,0.0,0.0,0.0,0.0,0.0,0.0,0.0,0.0,0.0
eeoeoxxox,0.081,0.3,0.0,0.0,0.0,0.0,0.0,0.0,0.0
exoeoxxox,0.0,0.0,0.0,0.0,0.0,0.0,0.0,0.0,0.0
xxoeoeexe,0.0,0.0,0.0,0.0,0.0,0.0,0.0,0.0,0.0
eexeoeoxx,0.0,0.0,0.0,0.0,0.0,0.0,0.0,0.0,0.0
eexeoooxx,0.4867015725899999,-0.1078282445999999,0.0,0.91335201,0.0,0.0,0.0,0.0,0.0
eexxoooxx,0.0,0.0,0.0,0.0,0.0,0.0,0.0,0.0,0.0
oexxoooxx,0.0,-2700.0,0.0,0.0,0.0,0.0,0.0,0.0,0.0
exxeoeeee,0.0,0.0,0.0,0.0,0.0,0.0,0.0,0.0,0.0
oxxeoeeee,0.0,0.0,0.0,-2.7,0.0,-0.657,-4.59,-5.1,2.52261
oxxxoeeee,0.0,0.0,0.0,0.0,0.0,0.0,3.0,0.0,0.0
exeeoeexe,0.0,0.0,0.0,0.0,0.0,0.0,0.0,0.0,0.0
exeeoeexo,0.0,0.0,-0.3,-3.0,0.0,0.0,0.0,0.0,0.0
exexoeexo,0.0,0.0,0.0,0.0,0.0,0.0,0.0,0.0,0.0
xoxeoexee,0.0,0.0,0.0,0.0,0.0,0.0,0.0,0.0,0.0
exexoexeo,0.0,0.0,0.0,0.0,0.0,0.0,0.0,0.0,0.0
eeexoeexo,2.7,0.0,-1.671,0.0,0.0,0.0,0.429,0.0,0.0
xeexoeexo,0.0,0.0,0.0,0.0,0.0,0.0,0.0,0.0,0.0
xeexoeoxo,0.0,0.0,3.0,0.0,0.0,0.0,0.0,0.0,0.0
xexxoeoxo,0.0,0.0,0.0,0.0,0.0,0.0,0.0,0.0,0.0
xoxxoeoxo,0.0,0.0,0.0,0.0,0.0,-5913.0,0.0,0.0,0.0
oeeeoxxee,0.0,-0.9419999999999998,1.458,0.0,0.0,0.0,0.0,0.0,5.4
oeeeoxxex,0.0,0.0,0.0,0.0,0.0,0.0,0.0,0.0,0.0
oeeeoxxox,0.0,0.0,0.0,-0.51,0.0,0.0,0.0,0.0,0.0
oeexoxxox,0.0,0.0,0.0,0.0,0.0,0.0,0.0,0.0,0.0
eoxxoeeee,0.3,0.0,0.0,0.0,0.0,0.081,0.0,0.0,0.0
xoxxoeeee,0.0,0.0,0.0,0.0,0.0,0.0,0.0,0.0,0.0
eexeoeexe,0.0,0.0,0.0,0.0,0.0,0.0,0.0,0.0,0.0
eexeooexe,0.0,0.0,0.0,1.14474,0.0,0.0,0.4619999999999999,0.0,0.0
eexxooexe,0.0,0.0,0.0,0.0,0.0,0.0,0.0,0.0,0.0
oexxooexe,0.0,-2.7,0.0,0.0,0.0,0.0,0.0,0.0,0.0
oexxooxxe,0.0,0.0,0.0,0.0,0.0,0.0,0.0,0.0,0.0
xeeeoxeee,0.0,0.0,0.0,0.0,0.0,0.0,0.0,0.0,0.0
xeeeoxoee,0.0,0.0,0.0,-5.1,0.0,0.0,0.0,-2.4,0.0
xeexoxoee,0.0,0.0,0.0,0.0,0.0,0.0,0.0,0.0,0.0
oxoeoxxox,0.0,0.0,0.0,-5913.0,0.0,0.0,0.0,0.0,0.0
oxoxoxxox,0.0,0.0,0.0,0.0,0.0,0.0,0.0,0.0,0.0
exxeoeexo,0.0,0.0,0.0,0.0,0.0,0.0,0.0,0.0,0.0
eoxxoooxx,-7941.159,0.0,0.0,0.0,0.0,0.0,0.0,0.0,0.0
xoxxoooxx,0.0,0.0,0.0,0.0,0.0,0.0,0.0,0.0,0.0
oexxoeeee,0.0,0.0,0.0,0.0,0.0,-0.51,0.0,0.0,0.0
oexxoxeee,0.0,0.0,0.0,0.0,0.0,0.0,0.0,0.0,0.0
eexeoxxeo,0.0,0.0,0.0,0.0,0.0,0.0,0.0,0.0,0.0
eoeexexee,0.0,0.0,0.0,-3.3,0.0,-3.3,0.0,0.0,0.0
eooexexee,6.3,0.0,0.0,0.0,0.0,0.0,0.0,0.0,5.301
xooexexee,0.0,0.0,0.0,0.0,0.0,0.0,0.0,-6.0,0.0
xoooxexee,0.0,0.0,0.0,0.0,0.0,0.0,0.0,5.7,0.0
xoooxexxe,0.0,0.0,0.0,0.0,0.0,0.0,0.0,0.0,0.0
xoooxexxo,0.0,0.0,0.0,0.0,0.0,-4590.0,0.0,0.0,0.0
xoooxxxxo,0.0,0.0,0.0,0.0,0.0,0.0,0.0,0.0,0.0
exexoeoee,0.0,0.0,2.7,0.0,0.0,-3.8607,0.0,-3.8607,-1.671
exxxoeoee,0.0,0.0,0.0,0.0,0.0,0.0,0.0,0.0,0.0
oxxxoeoee,0.0,0.0,0.0,0.0,0.0,-0.3,0.0,0.0,0.0
oxxxoxoee,0.0,0.0,0.0,0.0,0.0,0.0,0.0,0.0,0.0
exoxoeeee,0.0,0.0,0.0,0.0,0.0,0.0,4.59,0.0,0.0
exoxoexee,0.0,0.0,0.0,0.0,0.0,0.0,0.0,0.0,0.0
oxoxoexee,0.0,0.0,0.0,0.0,0.0,0.0,0.0,-0.51,0.0
oxoxoexxe,0.0,0.0,0.0,0.0,0.0,0.0,0.0,0.0,0.0
exoeoxeee,-2.7,0.0,0.0,0.0,0.0,0.0,0.0,-3.0,0.0
exoeoxexe,0.0,0.0,0.0,0.0,0.0,0.0,0.0,0.0,0.0
eeoxoeexe,0.0,-3.0,0.0,0.0,0.0,0.0,0.0,0.0,0.0
exoxoeexe,0.0,0.0,0.0,0.0,0.0,0.0,0.0,0.0,0.0
exeeooexe,0.0,0.0,0.0,0.0,0.0,0.0,0.0,0.0,0.0
xxeeooexe,0.0,0.0,0.0,0.0,0.0,0.0,0.0,0.0,0.0
exeeoxoee,0.0,0.0,5.1,-2.7591,0.0,0.0,0.0,0.0,1.377
exxeoxoee,0.0,0.0,0.0,0.0,0.0,0.0,0.0,0.0,0.0
exxeoxoeo,0.0,0.0,0.0,0.0,0.0,0.0,0.0,-0.3,0.0
exxeoxoxo,0.0,0.0,0.0,0.0,0.0,0.0,0.0,0.0,0.0
exeeooxex,0.0,0.0,0.0,0.0,0.0,0.0,0.0,0.0,0.0
xoeeoxeee,0.0,0.0,0.51,0.0,0.0,0.0,0.0,0.0,0.0
xoxeoxeee,0.0,0.0,0.0,0.0,0.0,0.0,0.0,0.0,0.0
xeeeoeoxe,0.0,0.0,6.569999999999999,0.0,0.0,0.0,0.0,0.0,-1.89
xexeoeoxe,0.0,0.0,0.0,0.0,0.0,0.0,0.0,0.0,0.0
xoxeoeoxe,0.0,0.0,0.0,0.51,0.0,0.0,0.0,0.0,2.8377
xoxxoeoxe,0.0,0.0,0.0,0.0,0.0,0.0,0.0,0.0,0.0
xoxxoooxe,0.0,0.0,0.0,0.0,0.0,0.0,0.0,0.0,-2700.0
eeeeoexxo,4.59,-4.8204,0.0,0.7292999999999998,0.0,-3.80619,0.0,0.0,0.0
eeeeoxxxo,0.0,0.0,0.0,0.0,0.0,0.0,0.0,0.0,0.0
eexeoeexo,3.0,0.0,0.0,0.0,0.0,-1.89,-1.89,0.0,0.0
xexeoeexo,0.0,0.0,0.0,0.0,0.0,0.0,0.0,0.0,0.0
xoxeoeexo,0.0,0.0,0.0,0.0,0.0,0.0,4.59,0.0,0.0
xoxeoexxo,0.0,0.0,0.0,0.0,0.0,0.0,0.0,0.0,0.0
xoxooexxo,0.0,0.0,0.0,0.0,0.0,-4590.0,0.0,0.0,0.0
oxeeoeexe,0.0,0.0,-3.0,0.0,0.0,0.0,0.0,0.0,0.0
oxxeoeexe,0.0,0.0,0.0,0.0,0.0,0.0,0.0,0.0,0.0
xeoeoxeee,0.0,-1.89,0.0,0.51,0.0,0.0,3.0,0.0,0.0
xeoeoxxee,0.0,0.0,0.0,0.0,0.0,0.0,0.0,0.0,0.0
xxoooxxoe,0.0,0.0,0.0,0.0,0.0,0.0,0.0,0.0,-6839.1
xoeooxxee,0.0,0.0,0.3,0.0,0.0,0.0,0.0,0.0,0.0
xoxooxxee,0.0,0.0,0.0,0.0,0.0,0.0,0.0,0.0,0.0
oeoxxoexx,0.0,0.0,0.0,0.0,0.0,0.0,0.0,0.0,0.0
exeooeexe,0.0,0.0,0.0,0.0,0.0,0.0,0.0,0.0,0.0
exxooeexe,0.0,0.0,0.0,0.0,0.0,0.0,0.0,0.0,0.0
exeeooxee,6.1287,0.0,0.0,3.81,0.0,0.0,0.0,0.0,4.5239733
xxeeooxee,0.0,0.0,0.0,0.0,0.0,0.0,0.0,0.0,0.0
exeooeeex,0.0,0.0,6.2539098,0.0,0.0,3.85374,0.6,0.0,0.0
exeooexex,0.0,0.0,0.0,0.0,0.0,0.0,0.0,0.0,0.0
xeoeoxeex,0.0,0.0,0.0,0.0,0.0,0.0,0.0,0.0,0.0
xexxoeoee,0.0,0.0,0.0,0.0,0.0,0.0,0.0,0.0,0.0
xoxxoeoee,0.0,0.0,0.0,0.0,0.0,-0.3,0.0,0.5578953,0.17739
xoxxoxoee,0.0,0.0,0.0,0.0,0.0,0.0,0.0,0.0,0.0
eeexoexee,0.0,0.0,0.0,0.0,0.0,0.0,0.0,0.0,0.0
oeexoexee,0.0,-2.7,0.0,0.0,0.0,-3.0,0.0,-0.7599,4.59
exxeooeex,0.0,0.0,0.0,0.0,0.0,0.0,0.0,0.0,0.0
xoxxoeoex,0.0,0.0,0.0,0.0,0.0,0.0,0.0,0.0,0.0
exexoxoee,0.0,0.0,0.0,0.0,0.0,0.0,0.0,0.0,0.0
exeooexee,0.0,0.0,0.0,0.0,0.0,0.6,0.0,0.0,0.0
exeooxxee,0.0,0.0,0.0,0.0,0.0,0.0,0.0,0.0,0.0
exeooxxeo,3.0,0.0,0.0,0.0,0.0,0.0,0.0,0.0,0.0
xxeooxxeo,0.0,0.0,0.0,0.0,0.0,0.0,0.0,0.0,0.0
eeexxoeoe,0.0,0.0,0.0,0.0,0.0,0.0,6.0,0.0,0.0
eeexxoxoe,0.0,0.0,0.0,0.0,0.0,0.0,0.0,0.0,0.0
oeexxoxoe,0.0,0.0,0.0,0.0,0.0,0.0,0.0,0.0,2.7
oeexxoxox,0.0,0.0,0.0,0.0,0.0,0.0,0.0,0.0,0.0
oeoxxoxox,0.0,-2700.0,0.0,0.0,0.0,0.0,0.0,0.0,0.0
oxoxxoxox,0.0,0.0,0.0,0.0,0.0,0.0,0.0,0.0,0.0
exoeoeexe,0.0,0.0,0.0,-3.0,0.0,0.0,0.0,0.0,0.0
xexeoooxx,0.0,0.0,0.0,0.0,0.0,0.0,0.0,0.0,0.0
eexooeexe,1.977,1.377,0.0,0.0,0.0,7.10379,0.0,0.0,0.0
eexooxexe,0.0,0.0,0.0,0.0,0.0,0.0,0.0,0.0,0.0
eexooxexo,3.0,0.51,0.0,0.0,0.0,0.0,-2.7,0.0,0.0
eexooxxxo,0.0,0.0,0.0,0.0,0.0,0.0,0.0,0.0,0.0
xexeoeeox,0.0,0.0,0.0,0.0,0.0,0.0,0.0,0.0,0.0
eeooxexee,0.0,0.0,0.0,0.0,0.0,4.4668278,0.0,16.1265906,6.162
eeooxxxee,0.0,0.0,0.0,0.0,0.0,0.0,0.0,0.0,0.0
xoooxxxeo,0.0,0.0,0.0,0.0,0.0,0.0,0.0,-4590.0,0.0
eeoxoxeee,0.0,0.0,0.0,0.0,0.0,0.0,0.0,-5.1,-3.0
eeoxoxexe,0.0,0.0,0.0,0.0,0.0,0.0,0.0,0.0,0.0
xexexeooe,0.0,0.0,0.0,0.0,0.0,0.0,0.0,0.0,0.0
eexoxxeoo,3.0,0.0,0.0,0.0,0.0,0.0,0.0,0.0,0.0
xexoxxeoo,0.0,0.0,0.0,0.0,0.0,0.0,0.0,0.0,0.0
exeeoxoex,0.0,0.0,0.0,0.0,0.0,0.0,0.0,0.0,0.0
oxxeoxeee,0.0,0.0,0.0,0.0,0.0,0.0,0.0,0.0,0.0
eeooxexex,0.0,0.0,0.0,0.0,0.0,0.0,0.0,0.0,0.0
eeooxexox,0.0,3.0,0.0,0.0,0.0,0.0,0.0,0.0,0.0
exooxexox,0.0,0.0,0.0,0.0,0.0,0.0,0.0,0.0,0.0
oxooxexox,0.0,0.0,0.0,0.0,0.0,-5913.0,0.0,0.0,0.0
oxooxxxox,0.0,0.0,0.0,0.0,0.0,0.0,0.0,0.0,0.0
eexxoexoe,0.0,0.0,0.0,0.0,0.0,0.0,0.0,0.0,0.0
eeexoeeox,0.0,0.762,1.22574,0.0,0.0,0.3309498,0.0,0.0,0.0
eexxoeeox,0.0,0.0,0.0,0.0,0.0,0.0,0.0,0.0,0.0
eeoexexoe,0.0,0.6,0.0,0.0,0.0,0.0,0.0,0.0,0.0
exoexexoe,0.0,0.0,0.0,0.0,0.0,0.0,0.0,0.0,0.0
exoexexoo,0.0,0.0,0.0,0.0,0.0,3.3,0.0,0.0,0.0
exoexxxoo,-3.0,0.0,0.0,0.0,0.0,0.0,0.0,0.0,0.0
exooxxxoo,-2700.0,0.0,0.0,0.0,0.0,0.0,0.0,0.0,0.0
xxeooexee,0.0,0.0,0.0,0.0,0.0,0.0,0.0,0.0,0.0
xxeeoxoee,0.0,0.0,0.0,0.0,0.0,0.0,0.0,0.0,0.0
eeoxoexex,0.0,0.0,0.0,0.0,0.0,0.0,0.0,0.0,0.0
oeoxoexex,0.0,3.0,0.0,0.0,0.0,0.51,0.0,0.0,0.0
oxoxoexex,0.0,0.0,0.0,0.0,0.0,0.0,0.0,0.0,0.0
oxoxoexox,0.0,0.0,0.0,0.0,0.0,-5913.0,0.0,0.0,0.0
eeeeoxexe,0.0,0.0,0.0,0.0,0.0,0.0,0.0,0.0,0.0
eeeeoxoxe,0.0,-3.0,0.0,-3.0,0.0,0.0,0.0,0.0,-0.3
exeeoxoxe,0.0,0.0,0.0,0.0,0.0,0.0,0.0,0.0,0.0
eeexoxoee,0.0,-4.452,2.4,0.0,0.0,0.0,0.0,-4.452,-0.3
eeexoxoxe,0.0,0.0,0.0,0.0,0.0,0.0,0.0,0.0,0.0
eoexoxeee,0.0,0.0,0.0,0.0,0.0,0.0,0.0,0.0,0.0
eoexoxexe,0.0,0.0,0.0,0.0,0.0,0.0,0.0,0.0,0.0
ooexoxexe,0.0,0.0,0.0,0.0,0.0,0.0,0.0,0.0,2.7
ooexoxexx,0.0,0.0,0.0,0.0,0.0,0.0,0.0,0.0,0.0
exexoeoex,0.0,0.0,0.0,0.0,0.0,0.0,0.0,0.0,0.0
xxeexoeoe,0.0,0.0,0.0,0.0,0.0,0.0,0.0,0.0,0.0
xxeexoeoo,0.0,0.0,30.0,0.0,0.0,0.0,0.0,0.0,0.0
xxxexoeoo,0.0,0.0,0.0,0.0,0.0,0.0,0.0,0.0,0.0
xeeeooeex,0.0,0.0,0.0,3.0,0.0,0.0,3.81,0.0,0.0
xeexooeex,0.0,0.0,0.0,0.0,0.0,0.0,0.0,0.0,0.0
exeeoeoxe,0.0,0.0,0.0,-3.0,0.0,-3.0,0.0,0.0,-3.0
exxeooxox,0.0,0.0,0.0,0.0,0.0,0.0,0.0,0.0,0.0
xeeexoeee,0.0,-6.2631,0.0,0.0,0.0,0.0,-3.0,0.0,2.1
xexexooeo,0.0,30.0,0.0,0.0,0.0,0.0,0.0,0.0,0.0
xxxexooeo,0.0,0.0,0.0,0.0,0.0,0.0,0.0,0.0,0.0
eoxeoexee,0.0,0.0,0.0,0.0,0.0,0.0,0.0,0.0,3.0
eoxeoexex,0.0,0.0,0.0,0.0,0.0,0.0,0.0,0.0,0.0
xeeoxexeo,0.0,0.0,0.0,0.0,0.0,0.0,0.0,-3.0,0.0
xeooxexeo,0.0,0.0,0.0,0.0,0.0,0.0,0.0,0.0,0.0
xeooxexxo,0.0,0.0,0.0,0.0,0.0,0.0,0.0,0.0,0.0
exexoeoxe,0.0,0.0,0.0,0.0,0.0,0.0,0.0,0.0,0.0
exexoeeox,0.0,0.0,0.0,0.0,0.0,0.0,0.0,0.0,0.0
exexoeoox,0.0,0.0,0.0,0.0,0.0,0.3,0.0,0.0,0.0
exexoxoox,0.0,0.0,0.0,0.0,0.0,0.0,0.0,0.0,0.0
eoxxoxeee,0.0,0.0,0.0,0.0,0.0,0.0,0.0,0.0,0.0
xeexoeoxe,0.0,0.0,0.0,0.0,0.0,0.0,0.0,0.0,0.0
eexeoexeo,9.18,2.4786,0.0,0.0,0.0,0.0,0.0,0.0,0.0
xexeoexeo,0.0,0.0,0.0,0.0,0.0,0.0,0.0,0.0,0.0
xexooexeo,0.0,51.0,0.0,0.0,0.0,0.0,0.0,0.0,0.0
xxxooexeo,0.0,0.0,0.0,0.0,0.0,0.0,0.0,0.0,0.0
oeeeoxexe,0.0,0.0,0.0,0.0,0.0,0.0,0.0,0.0,0.0
oeeeoxxxe,0.0,0.0,0.0,0.0,0.0,0.0,0.0,0.0,0.0
exeexeeoe,0.0,0.0,0.0,0.0,0.0,0.0,0.0,0.0,0.0
exeexeooe,0.0,0.0,0.0,0.6,0.0,0.0,0.0,0.0,0.0
exexxeooe,0.0,0.0,0.0,0.0,0.0,0.0,0.0,0.0,0.0
xexooexee,0.0,0.0,0.0,0.0,0.0,0.0,0.0,0.0,0.0
xxeeoxeeo,0.0,0.0,0.0,0.0,0.0,0.0,0.0,0.0,0.0
xxoeoxeeo,0.0,0.0,0.0,-0.51,0.0,0.0,3.0,0.0,0.0
xxoxoxeeo,0.0,0.0,0.0,0.0,0.0,0.0,0.0,0.0,0.0
exxooeeex,0.0,0.0,0.0,0.0,0.0,0.0,0.0,0.0,0.0
xxoeoexee,0.0,0.0,0.0,0.0,0.0,0.0,0.0,0.0,0.0
xxoooexee,0.0,0.0,0.0,0.0,0.0,0.0,0.0,-0.51,0.0
xxoooexxe,0.0,0.0,0.0,0.0,0.0,0.0,0.0,0.0,0.0
eeeeoxoxx,0.0,0.0,0.0,0.0,0.0,0.0,0.0,0.0,0.0
exeooxeex,0.0,0.0,0.0,0.0,0.0,0.0,0.0,0.0,0.0
exoooxeex,-2.7,0.0,0.0,0.0,0.0,0.0,0.0,0.0,0.0
xxoooxeex,0.0,0.0,0.0,0.0,0.0,0.0,0.0,0.0,0.0
exeeoexxo,0.0,0.0,0.0,0.0,0.0,0.0,0.0,0.0,0.0
xexooxexo,0.0,0.0,0.0,0.0,0.0,0.0,0.0,0.0,0.0
xoxooxexo,0.0,0.0,0.0,0.0,0.0,0.0,-7941.159,0.0,0.0
eeexoexxo,0.0,0.0,0.0,0.0,0.0,0.0,0.0,0.0,0.0
exoeoxeex,0.0,0.0,0.0,0.0,0.0,0.0,0.0,0.0,0.0
xeeeoexxo,0.0,0.0,0.0,0.0,0.0,0.0,0.0,0.0,0.0
xeeooexxo,0.0,-0.3,0.0,0.0,0.0,0.0,0.0,0.0,0.0
xxeooexxo,0.0,0.0,0.0,0.0,0.0,0.0,0.0,0.0,0.0
eexxoxeeo,0.0,0.0,0.0,0.0,0.0,0.0,0.0,0.0,0.0
eoexoeeex,0.3,0.0,0.0,0.0,0.0,0.0,0.0,3.081,0.0
xoexoeeex,0.0,0.0,0.0,0.0,0.0,0.0,0.0,0.0,0.0
xxeooxxoe,0.0,0.0,0.0,0.0,0.0,0.0,0.0,0.0,0.0
oxxeoexee,0.0,0.0,0.0,0.0,0.0,0.0,0.0,0.0,0.0
exoeoexex,0.0,0.0,0.0,0.0,0.0,0.0,0.0,0.0,0.0
exoeoexox,0.0,0.0,0.0,0.0,0.0,0.3,0.0,0.0,0.0
xeeexeeoe,0.0,0.0,0.0,-3.3,0.0,0.0,-0.6,0.0,0.0
xeeexeeoo,0.0,0.0,3.6,0.0,0.0,0.0,7.272,0.0,0.0
xexexeeoo,0.0,0.0,0.0,0.0,0.0,0.0,0.0,0.0,0.0
xoxeoeexe,0.0,0.0,0.0,0.0,0.0,0.0,0.0,0.0,0.0
xoxeooexe,0.0,0.0,0.0,0.0,0.0,0.0,3.0,0.0,0.0
xoxeooxxe,0.0,0.0,0.0,0.0,0.0,0.0,0.0,0.0,0.0
oxexoexee,0.0,0.0,0.0,0.0,0.0,0.0,0.0,0.0,0.0
xexeoxeeo,0.0,0.0,0.0,0.0,0.0,0.0,0.0,0.0,0.0
xoxeoxeeo,0.0,0.0,0.0,0.0,0.0,0.0,0.1377,0.51,0.0
xoxeoxexo,0.0,0.0,0.0,0.0,0.0,0.0,0.0,0.0,0.0
xoxeoxoxo,0.0,0.0,0.0,-2700.0,0.0,0.0,0.0,0.0,0.0
xoexoxeee,0.0,0.0,0.0,0.0,0.0,0.0,0.0,0.0,0.0
oeexoxxee,0.0,0.0,0.0,0.0,0.0,0.0,0.0,0.0,0.0
eeoeoxexe,-2.4,-3.0,0.0,-3.0,0.0,0.0,0.0,0.0,0.0
eoexoeexx,0.0,0.0,0.0,0.0,0.0,0.0,0.0,0.0,0.0
eoexoeoxx,-2.7,0.0,0.0,0.0,0.0,0.0,0.0,0.0,0.0
eoeeoxxex,0.0,0.0,0.0,0.0,0.0,0.0,0.0,0.0,0.0
oexexoeex,0.0,0.0,0.0,0.0,0.0,0.0,0.0,0.0,0.0
oexexooex,0.0,0.0,0.0,0.51,0.0,0.0,0.0,0.0,0.0
oxxexooex,0.0,0.0,0.0,0.0,0.0,0.0,0.0,0.0,0.0
xeeooeexx,0.0,0.0,0.0,0.0,0.0,0.0,0.0,0.0,0.0
exexooxee,0.0,0.0,0.0,0.0,0.0,0.0,0.0,0.0,0.0
oxexooxee,0.0,0.0,0.0,0.0,0.0,0.0,0.0,0.0,3.0
oxexooxex,0.0,0.0,0.0,0.0,0.0,0.0,0.0,0.0,0.0
oxexooxox,0.0,0.0,-4590.0,0.0,0.0,0.0,0.0,0.0,0.0
oxxxooxox,0.0,0.0,0.0,0.0,0.0,0.0,0.0,0.0,0.0
eeexoeoxx,0.0,0.0,0.0,0.0,0.0,0.0,0.0,0.0,0.0
eeexoeoxe,0.0,-5.1,0.0,0.0,0.0,0.0,0.0,0.0,0.0
oxeeoxeee,0.0,0.0,-0.51,-3.0,0.0,0.0,0.0,0.0,0.0
exxeoexeo,0.0,0.0,0.0,0.0,0.0,0.0,0.0,0.0,0.0
xoxooeexe,0.0,0.0,0.0,0.0,0.0,3.3,1.1909999999999998,0.0,0.0
xoxooxexe,0.0,0.0,0.0,0.0,0.0,0.0,0.0,0.0,0.0
xexooexxo,0.0,0.0,0.0,0.0,0.0,0.0,0.0,0.0,0.0
xxoxoeeee,0.0,0.0,0.0,0.0,0.0,0.0,0.0,0.0,0.0
oeexoeexx,0.0,0.0,0.0,0.0,0.0,0.0,0.0,0.0,0.0
oeexoeoxx,0.0,0.0,0.0,0.0,0.0,-0.3,0.0,0.0,0.0
oeexoxoxx,0.0,0.0,0.0,0.0,0.0,0.0,0.0,0.0,0.0
oeexoexex,0.0,0.0,0.0,0.0,0.0,0.0,0.0,3.0,0.0
oeexoexox,0.0,0.3,0.0,0.0,0.0,-0.219,0.0,0.0,0.0
oxexoexox,0.0,0.0,0.0,0.0,0.0,0.0,0.0,0.0,0.0
xexooeexe,0.0,0.0,0.0,0.0,0.0,0.0,0.0,0.0,0.0
exxeoooxx,0.0,0.0,0.0,0.0,0.0,0.0,0.0,0.0,0.0
xeoeoeexx,0.0,0.0,0.0,0.0,0.0,0.0,0.0,0.0,0.0
xeoeoxxox,0.0,0.0,0.0,0.0,0.0,0.0,0.0,0.0,0.0
xeoxxoeee,0.0,0.0,0.0,0.0,0.0,0.0,0.0,0.0,0.0
eexeoexxo,0.0,0.0,0.0,0.0,0.0,0.0,0.0,0.0,0.0
oxexoeexe,0.0,0.0,0.0,0.0,0.0,0.0,0.0,0.0,0.0
eeeeoxxoe,0.0,1.02,0.0,0.0,0.0,0.0,0.0,0.0,0.5754
exeeoxxoe,0.0,0.0,0.0,0.0,0.0,0.0,0.0,0.0,0.0
oxeeoxxoe,0.0,0.0,0.0,-2.7,0.0,0.0,0.0,0.0,0.0
oxexoxxoe,0.0,0.0,0.0,0.0,0.0,0.0,0.0,0.0,0.0
eoeoxxexe,0.0,0.0,0.0,0.0,0.0,0.0,0.0,0.0,0.0
xoeoxxoxo,0.0,0.0,-2700.0,0.0,0.0,0.0,0.0,0.0,0.0
xoxoxxoxo,0.0,0.0,0.0,0.0,0.0,0.0,0.0,0.0,0.0
xeoeoeexe,0.0,-3.0,0.0,0.0,0.0,0.0,0.0,0.0,0.0
eexxoeexo,0.0,0.0,0.0,0.0,0.0,0.0,0.0,0.0,0.0
xeeeoxoxe,0.0,0.0,0.0,0.0,0.0,0.0,0.0,0.0,0.0
xeoxoeexe,0.0,0.0,0.0,0.0,0.0,2.7,0.0,0.0,0.0
oexeoeexe,0.0,-3.642,0.0,-2.4,0.0,0.0,0.0,0.0,5.4
oxeeoxxee,0.0,0.0,0.0,0.0,0.0,0.0,0.0,0.0,0.0
eeexoxoex,0.0,0.0,0.0,0.0,0.0,0.0,0.0,0.0,0.0
eeeexoxee,0.0,0.0,0.0,-3.6,0.0,0.0,0.0,-3.3,0.0
eeoexoxee,0.0,0.0,0.0,4.63474566,0.0,0.0,0.0,3.462,7.234739999999999
eeoxxoxee,0.0,0.0,0.0,0.0,0.0,0.0,0.0,0.0,0.0
eexxoeeeo,0.0,0.0,0.0,0.0,0.0,0.0,0.0,-2.4,0.0
xeeeoeoex,0.0,0.0,0.0,0.0,0.0,0.0,0.0,0.0,0.0
xxeeoeoex,0.0,0.0,0.0,0.0,0.0,0.0,0.0,0.0,0.0
xeeeoxoex,0.0,0.0,0.0,0.0,0.0,0.0,0.0,0.0,0.0
eeeeoxexo,0.0,-3.0,0.0,-3.0,0.0,0.0,0.0,0.0,0.0
exeeoxexo,0.0,0.0,0.0,0.0,0.0,0.0,0.0,0.0,0.0
xeeexexoo,0.0,0.0,0.0,0.0,0.0,0.0,0.0,0.0,0.0
xeoexexoo,0.0,0.0,0.0,0.0,0.0,6.0,0.0,0.0,0.0
xeoexxxoo,0.0,0.0,0.0,0.0,0.0,0.0,0.0,0.0,0.0
xeooxxxoo,0.0,-2700.0,0.0,0.0,0.0,0.0,0.0,0.0,0.0
eexeooxex,0.0,0.0,0.0,0.0,0.0,0.0,0.0,0.0,0.0
eeoxoeexx,0.0,0.0,0.0,0.0,0.0,0.0,0.0,0.0,0.0
eeoexoxxe,0.0,0.0,0.0,0.0,0.0,0.0,0.0,0.0,0.0
xeeooeeex,0.0,0.3,0.0,0.0,0.0,0.0,0.0,0.0,0.0
xxeooeeex,0.0,0.0,0.0,0.0,0.0,0.0,0.0,0.0,0.0
eexeoexoe,0.0,3.0,0.0,0.0,0.0,0.0,0.0,0.0,0.0
exxeoexoe,0.0,0.0,0.0,0.0,0.0,0.0,0.0,0.0,0.0
oxxeoexoe,0.0,0.0,0.0,0.0,0.0,0.0,0.0,0.0,0.0
oxxeoxxoe,0.0,0.0,0.0,0.0,0.0,0.0,0.0,0.0,0.0
eeoexoxex,0.0,0.0,0.0,0.0,0.0,0.0,0.0,0.0,0.0
oxoexoxox,0.0,0.0,0.0,-4590.0,0.0,0.0,0.0,0.0,0.0
eexeooxxe,0.0,0.0,0.0,0.0,0.0,0.0,0.0,0.0,0.0
eoxxxeoee,0.0,0.0,0.0,0.0,0.0,0.0,0.0,0.0,0.0
xoxxxooeo,0.0,0.0,0.0,0.0,0.0,0.0,0.0,-2700.0,0.0
xoxxxooxo,0.0,0.0,0.0,0.0,0.0,0.0,0.0,0.0,0.0
exeoxeeee,0.0,0.0,0.0,0.0,0.0,0.0,-0.51,0.0,0.0
exeoxeeoe,6.972,0.0,0.0,0.0,0.0,0.0,5.48244,0.0,3.6
exeoxeeox,0.0,0.0,0.0,0.0,0.0,0.0,0.0,0.0,0.0
oxeoxeeox,0.0,0.0,0.0,0.0,0.0,0.0,3.3,0.0,0.0
oxeoxexox,0.0,0.0,0.0,0.0,0.0,0.0,0.0,0.0,0.0
xxeoxeeoe,0.0,0.0,0.0,0.0,0.0,0.0,0.0,0.0,0.0
xxooxeeoe,0.0,0.0,0.0,0.0,0.0,0.0,0.0,0.0,30.0
xxooxeeox,0.0,0.0,0.0,0.0,0.0,0.0,0.0,0.0,0.0
eexoxxoee,0.0,0.0,0.0,0.0,0.0,0.0,0.0,0.0,0.0
oeeexeeox,0.0,1.491,0.0,3.3,0.0,0.0,0.0,0.0,0.0
oeexxeeox,0.0,0.0,0.0,0.0,0.0,0.0,0.0,0.0,0.0
oeexxoeox,0.0,0.0,3.0,0.0,0.0,0.0,0.0,0.0,0.0
oexxxoeox,0.0,0.0,0.0,0.0,0.0,0.0,0.0,0.0,0.0
eexxoxoee,0.0,0.0,0.0,0.0,0.0,0.0,0.0,0.0,0.0
eexxoxoeo,0.0,-3.0,0.0,0.0,0.0,0.0,0.0,0.0,0.0
exxxoxoeo,0.0,0.0,0.0,0.0,0.0,0.0,0.0,0.0,0.0
xxoooexex,0.0,0.0,0.0,0.0,0.0,0.0,0.0,0.0,0.0
oxxxooexe,0.0,0.0,0.0,0.0,0.0,0.0,0.0,0.0,0.0
oxxexoeoe,0.0,0.0,0.0,2.7,0.0,0.0,0.0,0.0,0.0
oxxxxoeoe,0.0,0.0,0.0,0.0,0.0,0.0,0.0,0.0,0.0
oxxxxoooe,0.0,0.0,0.0,0.0,0.0,0.0,0.0,0.0,-2700.0
oxxxxooox,0.0,0.0,0.0,0.0,0.0,0.0,0.0,0.0,0.0
xxeeoexeo,0.0,0.0,0.0,0.0,0.0,0.0,0.0,0.0,0.0
xxoeoexeo,0.0,0.0,0.0,30.0,0.0,0.0,0.0,0.0,0.0
xxoxoexeo,0.0,0.0,0.0,0.0,0.0,0.0,0.0,0.0,0.0
oexxoeexe,0.0,0.0,0.0,0.0,0.0,0.0,0.0,0.0,0.0
oxexoxeee,0.0,0.0,0.0,0.0,0.0,0.0,0.0,0.0,0.0
eexexooee,0.0,0.0,0.0,0.6,0.0,0.0,0.0,0.0,0.0
eexxxooee,0.0,0.0,0.0,0.0,0.0,0.0,0.0,0.0,0.0
eexxxoooe,3.0,0.0,0.0,0.0,0.0,0.0,0.0,0.0,0.0
xexxxoooe,0.0,0.0,0.0,0.0,0.0,0.0,0.0,0.0,0.0
exoxoeeex,0.0,0.0,0.0,0.0,0.0,0.0,0.0,0.0,0.0
eexexeoox,0.0,0.0,0.0,0.0,0.0,0.0,0.0,0.0,0.0
eexexooox,0.0,5.7,0.0,8.2263,0.0,0.0,0.0,0.0,0.0
exxexooox,0.0,0.0,0.0,0.0,0.0,0.0,0.0,0.0,0.0
oxxexooox,0.0,0.0,0.0,-2700.0,0.0,0.0,0.0,0.0,0.0
exxoxeoee,0.0,0.0,0.0,0.0,0.0,0.0,0.0,0.0,0.0
eexxooeex,0.0,0.0,0.0,0.0,0.0,0.0,0.0,0.0,0.0
eoxxooeex,0.0,0.0,0.0,0.0,0.0,0.0,6.2097,4.109999999999999,0.0
eoxxooxex,0.0,0.0,0.0,0.0,0.0,0.0,0.0,0.0,0.0
exeexoxoe,0.0,0.0,0.0,0.0,0.0,0.0,0.0,0.0,0.0
exoexoxoe,3.0,0.0,0.0,0.0,0.0,0.0,0.0,0.0,0.0
xxoexoxoe,0.0,0.0,0.0,0.0,0.0,0.0,0.0,0.0,0.0
eoooxxxee,0.0,0.0,0.0,0.0,0.0,0.0,0.0,0.3,3.081
eoooxxxxe,0.0,0.0,0.0,0.0,0.0,0.0,0.0,0.0,0.0
oeoxoxxex,0.0,0.0,0.0,0.0,0.0,0.0,0.0,0.0,0.0
oxeeoexee,0.0,0.0,0.0,-2.7,0.0,0.0,0.0,0.0,0.0
exexxoeoe,0.0,0.0,0.0,0.0,0.0,0.0,0.0,0.0,0.0
exexxoooe,0.0,0.0,0.0,0.0,0.0,0.0,0.0,0.0,3.3
exexxooox,0.0,0.0,0.0,0.0,0.0,0.0,0.0,0.0,0.0
oxexxooox,0.0,0.0,-2700.0,0.0,0.0,0.0,0.0,0.0,0.0
xeoxoxeee,0.0,0.0,0.0,0.0,0.0,0.0,0.0,0.0,0.0
xoeexeeeo,0.0,0.0,0.0,15.943400999999998,0.0,0.0,7.539,0.0,0.0
xoexxeeeo,0.0,0.0,0.0,0.0,0.0,0.0,0.0,0.0,0.0
xoexxeoeo,0.0,0.0,0.0,0.0,0.0,0.0,0.0,4.59,0.0
xoexxooxo,0.0,0.0,-4590.0,0.0,0.0,0.0,0.0,0.0,0.0
eeexoxeoe,0.0,0.0,0.0,0.0,0.0,0.0,0.0,0.0,0.0
eexxoxeoe,0.0,0.0,0.0,0.0,0.0,0.0,0.0,0.0,0.0
xeeeoxeoe,0.0,0.0,0.0,0.0,0.0,0.0,0.0,0.0,0.3
xeeeoxeox,0.0,0.0,0.0,0.0,0.0,0.0,0.0,0.0,0.0
oxeexeeox,0.0,0.0,0.0,0.0,0.0,0.0,0.0,0.0,0.0
oxeexeoox,0.0,0.0,0.0,0.0,0.0,3.0,0.0,0.0,0.0
oxeexxoox,0.0,0.0,0.0,0.0,0.0,0.0,0.0,0.0,0.0
xxeeoeeox,0.0,0.0,0.0,0.0,0.0,0.0,0.0,0.0,0.0
xxoeoeeox,0.0,0.0,0.0,0.729,0.0,0.0,2.7,0.0,0.0
xxoeoexox,0.0,0.0,0.0,0.0,0.0,0.0,0.0,0.0,0.0
xxoooexox,0.0,0.0,0.0,0.0,0.0,-2700.0,0.0,0.0,0.0
oxoexoxex,0.0,0.0,0.0,0.0,0.0,0.0,0.0,0.0,0.0
xoxeoxxeo,0.0,0.0,0.0,0.0,0.0,0.0,0.0,0.0,0.0
oexeoeexx,0.0,0.0,0.0,0.0,0.0,0.0,0.0,0.0,0.0
oexeooexx,0.0,-0.3,0.0,0.0,0.0,0.0,0.0,0.0,0.0
oxxeooexx,0.0,0.0,0.0,0.0,0.0,0.0,0.0,0.0,0.0
xxeooeexe,0.0,0.0,0.0,0.0,0.0,0.0,0.0,0.0,0.0
oxxeoeeex,0.0,0.0,0.0,0.0,0.0,0.0,0.0,0.0,0.0
oxxeooeex,0.0,0.0,0.0,0.0,0.0,0.0,0.0,0.0,0.0
oxxeooxex,0.0,0.0,0.0,0.0,0.0,0.0,0.0,0.0,0.0
xoxooexxe,0.0,0.0,0.0,0.0,0.0,0.0,0.0,0.0,0.0
xoxeoeoxx,0.0,0.0,0.0,0.0,0.0,0.0,0.0,0.0,0.0
xoxeoooxx,0.0,0.0,0.0,-2700.0,0.0,0.0,0.0,0.0,0.0
eeeoxxoee,3.6,0.0,0.0,0.0,0.0,0.0,0.0,0.0,4.272
xeeoxxoee,0.0,0.0,0.0,0.0,0.0,0.0,0.0,0.0,0.0
xxeoxxoeo,0.0,0.0,0.0,0.0,0.0,0.0,0.0,0.0,0.0
oeexoxeee,0.0,0.0,0.0,0.0,0.0,0.0,-3.0,0.0,0.0
eexeooxee,3.0,1.11,0.0,0.0,0.0,0.0,0.0,0.0,0.0
xexeooxee,0.0,0.0,0.0,0.0,0.0,0.0,0.0,0.0,0.0
eeooxexxe,0.0,0.0,0.0,0.0,0.0,0.0,0.0,0.0,0.0
eoooxexxe,5.7,0.0,0.0,0.0,0.0,1.839,0.0,0.0,31.539
eexxxooox,0.0,0.0,0.0,0.0,0.0,0.0,0.0,0.0,0.0
oexxxooox,0.0,-4590.0,0.0,0.0,0.0,0.0,0.0,0.0,0.0
oexexooxx,0.0,0.0,0.0,0.0,0.0,0.0,0.0,0.0,0.0
exxeooxee,0.0,0.0,0.0,0.0,0.0,0.0,0.0,0.0,0.0
exxooxexo,0.0,0.0,0.0,0.0,0.0,0.0,0.0,0.0,0.0
eoooxxxex,0.0,0.0,0.0,0.0,0.0,0.0,0.0,0.0,0.0
eeexoxeox,0.0,0.0,0.0,0.0,0.0,0.0,0.0,0.0,0.0
oxeooxxee,0.0,0.0,0.0,0.0,0.0,0.0,0.0,0.0,6.0
oxeooxxex,0.0,0.0,0.0,0.0,0.0,0.0,0.0,0.0,0.0
oxeooxxox,0.0,0.0,-2670.0,0.0,0.0,0.0,0.0,0.0,0.0
oxxooxxox,0.0,0.0,0.0,0.0,0.0,0.0,0.0,0.0,0.0
oexxxooex,0.0,0.0,0.0,0.0,0.0,0.0,0.0,0.0,0.0
eooexexex,0.0,0.0,0.0,0.0,0.0,0.0,0.0,0.0,0.0
xoeexexeo,0.0,0.0,0.0,0.0,0.0,0.0,0.0,0.0,0.0
xoeoxexeo,0.0,0.0,0.0,0.0,0.0,3.0,0.0,0.0,0.0
eoxxooexx,0.0,0.0,0.0,0.0,0.0,0.0,0.0,0.0,0.0
eexooexee,0.0,0.3,0.0,0.0,0.0,0.0,0.0,0.381,0.0
exxooexee,0.0,0.0,0.0,0.0,0.0,0.0,0.0,0.0,0.0
xxoxoeeox,0.0,0.0,0.0,0.0,0.0,0.0,0.0,0.0,0.0
exeoxexoe,0.0,0.0,0.0,0.0,0.0,0.0,0.0,0.0,0.0
exooxexoe,0.0,0.0,0.0,0.0,0.0,0.0,0.0,0.0,3.0
eoeexxoee,0.0,0.0,0.0,0.0,0.0,0.0,0.0,0.0,0.0
eexoxeeeo,6.0,0.0,0.0,0.0,0.0,0.0,0.0,0.0,0.0
oeeexoxee,0.0,0.0,0.0,0.0,0.0,0.0,0.0,0.0,0.0
eeeoxeexe,0.0,0.0,0.0,0.0,0.0,-5.609999999999999,-0.51,0.0,0.0
eeeoxoexe,0.0,0.0,0.0,0.0,0.0,0.0,0.0,0.0,0.0
eoeexoxee,0.0,0.0,0.0,0.0,0.0,0.0,0.0,0.0,0.0
eeeexeoxe,0.0,0.0,-4.59,0.0,0.0,-2.7,0.0,0.0,0.0
xeeoxexoo,0.0,0.0,0.0,0.0,0.0,0.0,0.0,0.0,0.0
exoexeeeo,0.0,0.0,0.0,0.0,0.0,0.0,0.0,30.0,0.0
eeeoxeoxe,0.0,0.0,0.8999999999999999,0.0,0.0,0.0,0.0,0.0,0.0
xeoexeoee,0.0,0.0,0.0,0.0,0.0,0.0,0.0,0.0,0.0
eexexoeoe,0.0,0.0,0.0,0.0,0.0,0.0,0.0,0.0,0.0
xeeoxeoee,0.0,0.0,0.0,0.0,0.0,0.0,0.0,0.0,0.0
eeeexoxeo,0.0,0.0,0.0,0.0,0.0,0.0,0.0,0.0,0.0
eoeexxeoe,0.0,0.0,0.0,0.0,0.0,0.0,0.0,0.0,0.0
eeeoxeeox,0.0,0.0,0.0,0.0,0.0,0.0,0.0,0.0,0.0
eeeoxxexo,0.0,0.0,-2.4,0.0,0.0,0.0,0.0,0.0,0.0
eeooxxexo,0.0,0.0,0.0,0.0,0.0,0.0,0.0,0.0,0.0
oexxxoeee,0.0,0.0,0.0,0.0,0.0,0.0,0.0,0.0,0.0
oexxxooee,0.0,0.0,0.0,0.0,0.0,0.0,0.0,0.0,0.0
oexxxooxe,0.0,0.0,0.0,0.0,0.0,0.0,0.0,0.0,0.0
ooxxxooxe,0.0,0.0,0.0,0.0,0.0,0.0,0.0,0.0,0.0
eeeexeexo,-2.7,0.0,0.0,0.0,0.0,0.0,0.0,0.0,0.0
oeeexeexo,0.0,0.0,0.0,0.0,0.0,0.0,0.0,0.0,0.0
exoexxeoe,0.0,0.0,0.0,0.0,0.0,0.0,0.0,0.0,0.0
exoexxeoo,0.0,0.0,0.0,0.0,0.0,0.0,0.0,0.0,0.0
exeoxeeeo,0.0,0.0,0.0,0.0,0.0,3.0,6.81,0.0,0.0
eeeexxoeo,0.0,0.0,0.0,0.0,0.0,0.0,0.0,0.0,0.0
eeexxoeox,0.0,0.0,0.0,0.0,0.0,0.0,-3.0,0.0,0.0
eeexxooox,0.0,0.0,0.0,0.0,0.0,0.0,0.0,0.0,0.0
eeeexooxe,0.0,0.0,0.0,3.0,0.0,0.0,0.0,0.0,0.0
xooexeeee,0.0,0.0,0.0,14.79,0.0,0.0,0.0,0.0,0.0
oxeexeoee,0.0,0.0,0.0,0.0,0.0,0.0,0.0,0.0,0.0
xoooxeexe,0.0,0.0,0.0,0.0,0.0,0.0,0.0,0.0,0.0
xeeexeooe,0.0,0.0,0.0,0.0,0.0,0.0,0.0,0.0,0.0
oexexeoxo,0.0,0.0,0.0,0.0,0.0,0.0,0.0,0.0,0.0
eeoxxeeoe,0.0,0.0,0.0,0.0,0.0,0.0,0.0,0.0,0.0
oxoexeeee,0.0,0.0,0.0,0.0,0.0,0.0,0.0,0.0,0.0
eeoexxeoe,0.0,0.0,0.0,0.0,0.0,0.0,0.0,0.0,0.0
xeexxoeoe,0.0,0.0,0.0,0.0,0.0,0.0,0.0,0.0,2.4
xeexxoeoo,0.0,0.0,0.0,0.0,0.0,0.0,0.0,0.0,0.0
eoeoxexee,0.0,0.0,0.0,0.0,0.0,0.0,0.0,0.0,0.0
oeeexeoex,0.0,0.0,0.0,3.3,0.0,0.0,0.0,0.0,0.0
oeoxxeoex,0.0,0.0,0.0,0.0,0.0,0.0,0.0,0.0,0.0
xoexxoeeo,0.0,0.0,0.0,0.0,0.0,0.0,0.0,0.51,0.0
xoexxoexo,0.0,0.0,51.0,0.0,0.0,0.0,0.0,0.0,0.0
oeexxoeex,0.0,0.0,0.0,0.0,0.0,0.0,0.0,0.0,0.0
eoeexeexe,0.0,0.0,0.0,0.0,0.0,0.0,0.0,0.0,0.0
eooexxexe,0.0,0.0,0.0,0.0,0.0,0.0,0.0,0.0,0.0
eexooexxe,0.0,0.0,0.0,0.0,0.0,0.0,0.0,0.0,0.0
eeooxexxo,8.1,53.187,0.0,0.0,0.0,0.0,0.0,0.0,0.0
exooxexxo,0.0,0.0,0.0,0.0,0.0,0.0,0.0,0.0,0.0
xoxoxeoxo,0.0,0.0,0.0,0.0,0.0,-2700.0,0.0,0.0,0.0
xeeeooxex,0.0,0.0,0.0,0.0,0.0,0.0,0.0,0.0,0.0
oxxxooeox,0.0,0.0,0.0,0.0,0.0,0.0,-2700.0,0.0,0.0
xxeoxeeoo,0.0,0.0,51.0,0.0,0.0,0.0,0.0,0.0,0.0
xxxoxeeoo,0.0,0.0,0.0,0.0,0.0,0.0,0.0,0.0,0.0
eexxooeox,0.0,0.0,0.0,0.0,0.0,0.0,0.3,0.0,0.0
eexxooxox,0.0,0.0,0.0,0.0,0.0,0.0,0.0,0.0,0.0
oxeexoeox,0.0,0.0,0.0,0.0,0.0,0.0,3.0,0.0,0.0
oxeexoxox,0.0,0.0,0.0,0.0,0.0,0.0,0.0,0.0,0.0
ooeexeexe,0.0,0.0,3.6,0.0,0.0,0.0,0.0,0.0,0.0
ooxexxoxe,0.0,0.0,0.0,0.0,0.0,0.0,0.0,0.0,0.0
exxexeeoo,0.0,0.0,0.0,0.0,0.0,0.0,0.0,0.0,0.0
eexexxooe,0.0,0.0,0.0,0.0,0.0,0.0,0.0,0.0,0.0
oexexeoox,0.0,0.3,0.0,0.0,0.0,0.0,0.0,0.0,0.0
oxxexeoox,0.0,0.0,0.0,0.0,0.0,0.0,0.0,0.0,0.0
eeeoxxoex,0.0,0.0,0.0,0.0,0.0,0.0,0.0,0.0,0.0
eoooxexxx,0.0,0.0,0.0,0.0,0.0,0.0,0.0,0.0,0.0
xeoeoxexe,0.0,0.0,0.0,0.0,0.0,0.0,0.0,0.0,0.0
xooxxeeee,0.0,0.0,0.0,0.0,0.0,-3.0,-5.4,-8.4,0.0
xooxxoeee,0.0,0.0,0.0,0.0,0.0,0.0,0.0,0.0,0.0
oxoxxeeee,0.0,0.0,0.0,0.0,0.0,0.0,-9.18,-2.4,0.0
oxoxxeeoe,0.0,0.0,0.0,0.0,0.0,0.0,0.0,0.0,0.0
xooxxeoee,0.0,0.0,0.0,0.0,0.0,0.0,0.0,0.0,0.0
oxeexoeee,0.0,0.0,0.0,0.0,0.0,0.0,0.0,0.0,0.0
oxxexoeee,0.0,0.0,0.0,-3.0,0.0,0.0,0.0,0.0,0.0
oxxoxoeee,0.0,0.0,0.0,0.0,0.0,0.0,0.0,0.0,0.0
oxxxxoeeo,0.0,0.0,0.0,0.0,0.0,0.0,0.0,0.0,0.0
oxxxxooeo,0.0,0.0,0.0,0.0,0.0,0.0,0.0,0.0,0.0
xoxoxxeoe,0.0,0.0,0.0,0.0,0.0,0.0,-5.1,0.0,0.0
xoxoxxooe,0.0,0.0,0.0,0.0,0.0,0.0,0.0,0.0,0.0
xoxexoeee,0.0,0.0,0.0,0.0,0.0,0.0,0.0,-6.0,0.0
xoxexoeoe,0.0,0.0,0.0,0.0,0.0,0.0,0.0,0.0,0.0
xoxxxoeoe,0.0,0.0,0.0,0.0,0.0,0.0,0.0,0.0,-3.0
xoxxxoeoo,0.0,0.0,0.0,0.0,0.0,0.0,0.0,0.0,0.0
oxxexeeeo,0.0,0.0,0.0,0.0,0.0,0.0,2.7,0.0,0.0
oxxexeoeo,0.0,0.0,0.0,0.0,0.0,0.0,0.0,0.0,0.0
exoxxeeoe,0.1575681012299998,0.0,0.0,0.0,0.0,7.7211387,3.42507810123,0.0,11.4154395633
exoxxoeoe,0.0,0.0,0.0,0.0,0.0,0.0,0.0,0.0,0.0
exoxxoeox,0.0,0.0,0.0,0.0,0.0,0.0,0.0,0.0,0.0
xxooxeeee,0.0,0.0,0.0,0.0,0.0,0.0,-5.4,-2.4,0.0
exoxxeooe,0.0,0.0,0.0,0.0,0.0,0.0,0.0,0.0,0.0
xoxoxeeee,0.0,0.0,0.0,0.0,0.0,0.0,0.0,-6.0,0.0
xoxoxeeoe,0.0,0.0,0.0,0.0,0.0,0.0,0.0,0.0,0.0
xxoexeoee,0.0,0.0,0.0,0.0,0.0,-2.7,0.0,0.0,2.7
xxoexooee,0.0,0.0,0.0,0.0,0.0,0.0,0.0,0.0,0.0
oxexxeoox,0.0,0.0,-5.1,0.0,0.0,0.0,0.0,0.0,0.0
xxooxeoee,0.0,0.0,0.0,0.0,0.0,0.0,0.0,0.0,0.0
xxooxxoee,0.0,0.0,0.0,0.0,0.0,0.0,0.0,0.0,0.0
xxooxxooe,0.0,0.0,0.0,0.0,0.0,0.0,0.0,0.0,0.0
exoxxeeoo,0.0,0.0,0.0,0.0,0.0,0.0,0.0,0.0,0.0
xxoexeoeo,0.0,0.0,0.0,0.0,0.0,0.0,0.0,0.0,0.0
exeexeoeo,0.0,0.0,0.0,0.0,0.0,0.0,0.0,0.0,0.0
exeexooee,8.4,0.0,0.0,0.0,0.0,0.0,0.0,0.0,0.0
xxeexooee,0.0,0.0,0.0,-8.4,0.0,0.0,0.0,-2.7,0.0
xxeexoooe,0.0,0.0,0.0,0.0,0.0,0.0,0.0,0.0,0.0
oxoxxeoee,0.0,0.0,0.0,0.0,0.0,30.0,0.0,0.0,0.0
oxoexxxoo,0.0,0.0,0.0,0.0,0.0,0.0,0.0,0.0,0.0
oxexxeoee,0.0,0.0,0.0,0.0,0.0,0.0,0.0,0.0,-2.7
oxexxeoeo,0.0,0.0,0.0,0.0,0.0,0.0,0.0,0.0,0.0
xoxexeeoe,0.0,0.0,0.0,0.0,0.0,0.0,-0.6,0.0,0.0
xoxexeooe,0.0,0.0,0.0,0.0,0.0,0.0,0.0,0.0,0.0
oxeoxexee,0.0,0.0,0.0,0.0,0.0,-6.0,0.0,0.0,0.0
oxeoxoxee,0.0,0.0,0.0,0.0,0.0,0.0,0.0,0.0,0.0
oxoexexoe,0.0,0.0,0.0,2.7,0.0,0.0,0.0,0.0,0.0
oxoxxexoe,0.0,0.0,0.0,0.0,0.0,0.0,0.0,0.0,0.0
oxoxxoxoe,0.0,0.0,0.0,0.0,0.0,0.0,0.0,0.0,-4590.0
oeoexxeex,0.0,0.0,0.0,0.0,0.0,0.0,2.7,0.0,0.0
oexexeoex,0.0,0.0,0.0,0.0,0.0,0.0,0.0,0.0,0.0
oxeexeeoe,0.0,0.0,0.0,0.0,0.0,7.21719,0.0,0.0,1.41
oxeexxeoe,0.0,0.0,0.0,0.0,0.0,0.0,0.0,0.0,0.0
oxeoxxeoe,0.0,0.0,2.7,0.0,0.0,0.0,0.0,0.0,1.7493
oxxoxxeoe,0.0,0.0,0.0,0.0,0.0,0.0,30.0,0.0,0.0
ooexxoeex,0.0,0.0,3.3,0.0,0.0,0.0,3.891,0.0,0.0
ooxxxoeex,0.0,0.0,0.0,0.0,0.0,0.0,0.0,0.0,0.0
ooxxxooex,0.0,0.0,0.0,0.0,0.0,0.0,0.0,-2700.0,0.0
ooxxxooxx,0.0,0.0,0.0,0.0,0.0,0.0,0.0,0.0,0.0
oxxooexee,0.0,0.0,0.0,0.0,0.0,0.0,0.0,0.0,3.0
oxxooexex,0.0,0.0,0.0,0.0,0.0,0.0,0.0,0.0,0.0
oexxooeex,0.0,0.3,0.0,0.0,0.0,0.0,0.0,0.0,0.0
oxxxooeex,0.0,0.0,0.0,0.0,0.0,0.0,0.0,0.0,0.0
xeeooxexe,0.0,0.0,0.0,0.0,0.0,0.0,0.0,0.0,0.0
xeoooxexe,0.0,0.0,0.0,0.0,0.0,0.0,0.0,0.0,0.0
xeoooxexx,0.0,0.0,0.0,0.0,0.0,0.0,0.0,0.0,0.0
ooexxoxex,0.0,0.0,0.0,0.0,0.0,0.0,0.0,0.0,0.0
oxexxoeee,0.0,0.0,0.0,0.0,0.0,0.0,0.0,0.0,0.0
oxexxoeoe,0.0,0.0,0.0,0.0,0.0,0.0,2.7,0.0,0.0
oxexxoxoe,0.0,0.0,0.0,0.0,0.0,0.0,0.0,0.0,0.0
oxeoxxeox,0.0,0.0,0.0,0.0,0.0,0.0,0.0,0.0,0.0
oeexxoxee,0.0,0.0,0.0,0.0,0.0,0.0,0.0,0.0,0.0
oexexxoee,0.0,0.0,0.0,0.0,0.0,0.0,0.0,0.0,0.0
oeeeeeexe,0.0,0.0,0.6,0.0,4.15374,0.0,0.0,0.0,3.1619999999999995
oexeeeexe,0.0,0.0,0.0,0.0,0.0,0.0,0.0,0.0,0.0
ooxeeeexe,0.0,0.0,0.0,0.0,0.0,0.0,0.0,0.0,6.0
ooxeeeexx,0.0,0.0,0.0,-3.0,0.0,0.0,0.0,0.0,0.0
ooxoeeexx,0.0,0.0,0.0,0.0,14.1,30.0,0.0,0.0,0.0
ooxoexexx,0.0,0.0,0.0,0.0,0.0,0.0,0.0,0.0,0.0
eexeeoeee,0.0,0.0,0.0,0.0,0.0,0.0,0.0,0.8999999999999999,0.0
eexeeoexe,0.0,0.0,0.0,2.1,0.0,0.0,0.0,0.0,0.0
eexoeoexe,0.0,0.0,0.0,0.0,0.0,0.0,0.0,0.0,0.0
xoxoxoexe,0.0,0.0,0.0,0.0,0.0,0.0,0.0,0.0,-3.0
xoxoxoexo,0.0,0.0,0.0,0.0,0.0,0.0,-2670.0,0.0,0.0
xoxoxoxxo,0.0,0.0,0.0,0.0,0.0,0.0,0.0,0.0,0.0
xeeexeeeo,0.0,0.0,0.0,0.0,0.0,0.0,0.0,0.0,0.0
xooxxoexo,0.0,0.0,0.0,0.0,0.0,0.0,0.0,0.0,0.0
exeoxxeeo,0.0,0.0,0.0,0.0,0.0,0.0,2.7,0.0,0.0
exeoxxoeo,3.0,0.0,0.0,0.0,0.0,0.0,0.0,0.0,0.0
xoxeeeeee,0.0,0.0,0.0,0.0,2.7,0.0,0.0,0.0,0.0
xoxeeeeeo,0.0,0.0,0.0,0.0,0.0,0.0,0.0,0.6,0.0
xoxeeeexo,0.0,0.0,0.0,0.0,0.0,0.0,0.0,0.0,0.0
xoxeeeoxo,0.0,0.0,0.0,0.3,0.0,0.0,0.0,0.0,0.0
xoxxeeoxo,0.0,0.0,0.0,0.0,0.0,0.0,0.0,0.0,0.0
xooxxeeoe,0.0,0.0,0.0,0.0,0.0,30.0,0.0,0.0,0.0
xooxxxeoe,0.0,0.0,0.0,0.0,0.0,0.0,0.0,0.0,0.0
xoxoeeeee,0.0,0.0,0.0,0.0,0.0,3.3,0.0,0.0,0.0
xoxoexeee,0.0,0.0,0.0,0.0,0.0,0.0,0.0,0.0,0.0
xoxooxeee,0.0,0.0,0.0,0.0,0.0,0.0,0.0,3.3,0.0
oxexeeeee,0.0,0.0,0.3,0.0,0.0,0.0,0.0,0.0,0.0
oxoxeeeee,0.0,0.0,0.0,0.0,0.0,0.0,0.0,0.0,0.0
oxoxxxoee,0.0,0.0,0.0,0.0,0.0,0.0,0.0,0.0,0.0
oxxoxeeee,0.0,0.0,0.0,0.0,0.0,0.0,0.0,0.0,-2.7
oxxoxeeeo,0.0,0.0,0.0,0.0,0.0,0.0,0.0,0.0,0.0
oeexxeeoe,0.0,0.0,0.0,0.0,0.0,30.0,0.0,0.0,0.0
oeexxxeoe,0.0,0.0,0.0,0.0,0.0,0.0,0.0,0.0,0.0
eexxoeoee,0.0,0.0,0.0,0.0,0.0,0.0,0.0,0.3,0.0
eexxoeoxe,0.0,0.0,0.0,0.0,0.0,0.0,0.0,0.0,0.0
oxxxoeoxe,0.0,0.0,0.0,0.0,0.0,0.0,0.0,0.0,30.0
oxxxoeoxo,0.0,0.0,0.0,0.0,0.0,0.0,0.0,0.0,0.0
eexoxxoox,0.0,0.0,0.0,0.0,0.0,0.0,0.0,0.0,0.0
eeoexexee,0.0,0.0,0.0,0.0,0.0,0.0,0.0,0.0,0.0
oeoexexee,0.0,0.0,0.0,0.3,0.0,0.0,0.0,0.0,0.0
oeoxxexee,0.0,0.0,0.0,0.0,0.0,0.0,0.0,0.3,0.0
oeoxxexoe,0.0,0.0,0.0,0.0,0.0,30.0,0.0,0.0,0.0
oeoxxxxoe,0.0,0.0,0.0,0.0,0.0,0.0,0.0,0.0,0.0
oexeeeeee,0.0,0.0,0.0,0.0,0.0,0.0,0.0,0.0,3.3
oexeeeeex,0.0,0.0,0.0,0.0,0.0,0.0,0.0,0.0,0.0
oexeeeoex,0.0,0.0,0.0,0.0,0.0,0.0,0.0,0.3,0.0
oexeeeoxx,0.0,0.0,0.0,0.0,0.0,0.0,0.0,0.0,0.0
ooxeeeoxx,0.0,0.0,0.0,0.0,0.0,30.0,0.0,0.0,0.0
ooxeexoxx,0.0,0.0,0.0,0.0,0.0,0.0,0.0,0.0,0.0
eeoeexeee,0.0,0.0,0.0,2.7,0.0,0.0,0.0,0.0,0.0
xeoeexeee,0.0,0.0,0.0,0.0,0.0,0.0,0.0,0.0,0.0
xeooexeee,0.0,0.0,0.0,0.0,0.0,0.0,0.0,0.6,0.0
xeooexexe,0.0,-0.3,0.0,0.0,0.0,0.0,0.0,0.0,0.0
xoooexexe,0.0,0.0,0.0,0.0,0.0,0.0,0.0,0.0,0.0
xoooxxexe,0.0,0.0,0.0,0.0,0.0,0.0,-3.0,0.0,0.0
oeoexxoex,0.0,0.0,0.0,30.0,0.0,0.0,0.0,0.0,0.0
oxoexxoex,0.0,0.0,0.0,30.0,0.0,0.0,0.0,0.0,0.0
oxooxxoex,0.0,0.0,0.0,0.0,0.0,0.0,0.0,0.0,0.0
eeexeeeoe,0.0,0.0,0.0,0.0,0.0,0.0,0.0,0.0,0.0
xeexeeeoe,0.0,0.0,0.0,0.0,0.0,0.0,0.0,0.0,0.0
xeexeeeoo,0.0,0.0,0.0,0.0,0.0,0.0,0.0,0.0,0.0
xxexeeeoo,0.0,0.0,0.0,0.0,0.0,0.0,0.0,0.0,0.0
xxexeoeoo,0.0,0.0,30.0,0.0,0.0,0.0,0.0,0.0,0.0
xxxxeoeoo,0.0,0.0,0.0,0.0,0.0,0.0,0.0,0.0,0.0
xeeoxexoe,0.0,0.0,0.0,0.0,0.0,0.0,0.0,0.0,0.0
xoeoxexoe,0.0,0.0,30.0,0.0,0.0,0.0,0.0,0.0,0.0
xoxoxexoe,0.0,0.0,0.0,0.0,0.0,0.0,0.0,0.0,0.0
eeeoxoeex,0.0,0.0,0.0,0.0,0.0,0.0,0.0,0.0,0.0
eoeeeexex,0.0,0.0,0.0,0.0,0.0,0.0,0.0,0.0,0.0
ooxoeexex,0.0,0.0,0.0,0.0,0.0,0.0,0.0,30.0,0.0
ooxoeexxx,0.0,0.0,0.0,0.0,0.0,0.0,0.0,0.0,0.0
eeoxexeee,0.0,0.0,0.0,0.0,0.0,0.0,0.0,0.0,0.0
oeoxexeee,0.0,0.0,0.0,0.0,0.0,0.0,0.0,0.0,0.0
oeoxexeex,0.0,30.0,0.0,0.0,0.0,0.0,0.0,0.0,0.0
oooxexeex,0.0,0.0,0.0,0.0,0.0,0.0,0.0,0.0,0.0
oeeeeeexx,0.0,0.0,0.0,0.0,0.0,0.0,0.0,0.0,0.0
ooeeeeexx,0.0,0.0,6.81,0.0,0.0,3.0,0.0,0.0,0.0
ooeeexexx,0.0,0.0,0.0,0.0,0.0,0.0,0.0,0.0,0.0
ooeoexexx,0.0,0.0,30.0,0.0,0.0,0.0,0.0,0.0,0.0
oxoeeeeex,0.0,0.0,0.0,0.0,0.0,0.3,0.0,0.0,0.0
oxoeexeex,0.0,0.0,0.0,0.0,0.0,0.0,5.4,0.0,0.0
oxoeexoex,0.0,0.0,0.0,0.0,0.0,0.0,0.0,0.0,0.0
oeeeexexe,0.0,0.0,3.0,0.0,0.0,0.0,0.0,0.0,0.0
ooeeexexe,0.0,0.0,0.0,0.0,0.0,0.0,0.0,0.0,3.0
ooexxeoex,0.0,0.0,0.0,0.0,0.0,0.0,0.0,0.3,0.0
ooexxeoxx,0.0,0.0,30.0,0.0,0.0,0.0,0.0,0.0,0.0
oooxxeoxx,0.0,0.0,0.0,0.0,0.0,0.0,0.0,0.0,0.0
eeeeexeeo,0.0,0.0,0.0,5.913,0.0,0.0,0.0,0.0,0.0
eeexexeeo,0.0,0.0,0.0,0.0,0.0,0.0,0.0,0.0,0.0
oxexexeeo,0.0,0.0,0.0,0.0,30.0,0.0,0.0,0.0,0.0
oxexoxeeo,0.0,0.0,0.0,0.0,0.0,0.0,0.0,0.0,0.0
ooexxeeex,0.0,0.0,0.0,0.0,0.0,0.0,0.0,-0.6,0.0
ooexxeeox,0.0,0.0,0.0,0.0,0.0,30.0,0.0,0.0,0.0
ooexxxeox,0.0,0.0,0.0,0.0,0.0,0.0,0.0,0.0,0.0
oxxexeeoe,0.0,0.0,0.0,0.0,0.0,0.0,0.0,0.0,0.0
oxxoxeeoe,0.0,0.0,0.0,0.0,0.0,0.0,0.0,0.0,0.0
oxxoxxooe,0.0,0.0,0.0,0.0,0.0,0.0,0.0,0.0,0.0
eoeeeeexx,0.0,0.0,0.0,0.0,0.0,0.0,0.0,0.0,0.0
ooxoxeexx,0.0,0.0,0.0,0.0,0.0,-3.0,0.0,0.0,0.0
ooxoxoexx,0.0,0.0,0.0,0.0,0.0,0.0,-2670.0,0.0,0.0
ooxoxoxxx,0.0,0.0,0.0,0.0,0.0,0.0,0.0,0.0,0.0
eexeeeoee,0.0,0.0,0.0,0.0,0.0,0.0,0.0,0.0,0.0
xexeeeoee,0.0,0.0,0.0,0.0,0.0,0.0,0.0,0.0,0.0
xoxeeeoee,0.0,0.0,0.0,0.0,0.0,0.0,0.0,0.0,0.0
xoxxeeoee,0.0,0.0,0.0,0.0,3.0,0.0,0.0,0.0,0.0
xeexoeeeo,0.0,5.1,0.0,0.0,0.0,0.0,0.0,0.0,0.0
eoeeexeee,0.0,0.0,0.0,0.0,0.0,0.0,0.0,0.6,0.0
eoeeexexe,0.0,0.0,0.0,0.0,0.0,0.0,0.0,0.0,0.0
eoeoexexe,0.0,0.0,0.0,0.0,0.0,0.0,0.0,0.0,0.0
xoeoexexe,0.0,0.0,0.0,0.0,0.0,0.0,0.0,0.0,0.0
xoeoexexo,0.0,0.0,0.0,0.0,0.0,0.0,0.0,0.0,0.0
eeeoeexee,0.0,0.0,0.0,0.0,0.0,0.0,0.0,0.0,0.0
xeeoeexee,0.0,0.0,0.0,0.0,0.0,0.0,0.0,0.0,0.0
xeeoeexeo,0.0,0.0,0.0,0.0,0.0,0.0,0.0,0.3,0.0
xeeoeexxo,0.0,0.0,0.0,0.0,0.0,5.1,0.0,0.0,0.0
xeeoeoxxo,0.0,0.0,0.0,0.0,0.0,0.0,0.0,0.0,0.0
xxeoeoxxo,0.0,0.0,0.0,0.0,30.0,0.0,0.0,0.0,0.0
xxeoooxxo,0.0,0.0,0.0,0.0,0.0,0.0,0.0,0.0,0.0
xxeoxooee,0.0,0.0,0.0,0.0,0.0,0.0,0.0,0.0,0.0
oeexxeeeo,0.0,0.0,0.0,0.0,0.0,0.0,5.7,7.238999999999999,0.0
oeexxexeo,0.0,0.0,2.7,0.0,0.0,0.0,0.0,0.0,0.0
oeoxxexeo,0.0,0.0,0.0,0.0,0.0,0.0,0.0,0.0,0.0
oxoxxexeo,0.0,0.0,0.0,0.0,0.0,0.0,0.0,0.0,0.0
oxoxxexoo,0.0,0.0,0.0,0.0,0.0,-2670.0,0.0,0.0,0.0
oxoxxxxoo,0.0,0.0,0.0,0.0,0.0,0.0,0.0,0.0,0.0
xeoxxeeeo,0.0,0.0,0.0,0.0,0.0,0.0,0.0,0.0,0.0
xeoxxeeoo,0.0,0.0,0.0,0.0,0.0,0.0,0.0,0.0,0.0
xxoxxeeoo,0.0,0.0,0.0,0.0,0.0,0.0,30.0,0.0,0.0
xxoxxeooo,0.0,0.0,0.0,0.0,0.0,0.0,0.0,0.0,0.0
exeeeeeeo,0.0,0.0,3.0,0.0,0.0,0.0,0.0,0.0,0.0
exxeeeeeo,0.0,0.0,0.0,0.0,0.0,0.0,0.0,0.0,0.0
oxxxeeeeo,0.0,0.0,0.0,0.0,30.0,0.0,0.0,0.0,0.0
oxxxoeeeo,0.0,0.0,0.0,0.0,0.0,0.0,0.0,0.0,0.0
eeoexxeeo,0.0,0.0,0.0,0.0,0.0,0.0,0.0,0.0,0.0
eoxexeoxo,0.3,0.0,0.0,0.0,0.0,0.0,0.0,0.0,0.0
xoxexeoxo,0.0,0.0,0.0,0.0,0.0,0.0,0.0,0.0,0.0
exeeeeeoe,0.0,0.0,0.0,0.0,0.0,0.0,0.0,0.0,0.0
xxoeeeeoe,0.0,0.0,0.0,3.51,0.0,0.0,3.0,0.0,0.0
xxoeeexoe,0.0,0.0,0.0,0.0,0.0,0.0,0.0,0.0,0.0
xxooeexoe,0.0,0.0,0.0,0.0,0.0,0.3,0.0,0.0,0.0
xxooexxoe,0.0,0.0,0.0,0.0,0.0,0.0,0.0,0.0,0.0
xooexxeee,0.0,0.0,0.0,0.0,0.0,0.0,0.0,0.0,0.0
xoooxxeee,0.0,0.0,0.0,0.0,0.0,0.0,0.0,0.0,30.0
xoooxxeex,0.0,0.0,0.0,0.0,0.0,0.0,0.0,0.0,0.0
oxoxxoeee,0.0,0.0,0.0,0.0,0.0,0.0,0.0,30.0,0.0
oxoxxoexe,0.0,0.0,0.0,0.0,0.0,0.0,0.0,0.0,0.0
xoxeoeoex,0.0,0.0,0.0,0.0,0.0,0.0,0.0,2.7,0.0
xoxooeoxx,0.0,0.0,0.0,0.0,0.0,-2670.0,0.0,0.0,0.0
xoxooxoxx,0.0,0.0,0.0,0.0,0.0,0.0,0.0,0.0,0.0
xexoxeeeo,0.0,0.0,0.0,0.0,0.0,0.0,0.0,0.0,0.0
xoxoxeeeo,0.0,0.0,0.0,0.0,0.0,0.0,0.0,3.0,0.0
xoxoxeexo,0.0,0.0,0.0,0.0,0.0,0.0,0.0,0.0,0.0
oeexoeeex,0.0,0.0,0.0,0.0,0.0,0.0,2.7,0.0,0.0
oeoexxeox,0.0,0.0,0.0,0.0,0.0,0.0,0.0,0.0,0.0
oeoexxxox,0.0,0.0,0.0,0.0,0.0,0.0,0.0,0.0,0.0
xoxexeeoo,0.0,0.0,0.0,0.0,0.0,3.3,0.0,0.0,0.0
xoxexxeoo,0.0,0.0,0.0,0.0,0.0,0.0,0.0,0.0,0.0
eoexeeeee,0.0,0.0,0.0,0.0,0.0,0.0,0.0,0.0,0.8999999999999999
eoexeeeex,0.0,0.0,0.0,0.0,0.0,0.0,0.0,0.0,0.0
exeoxexeo,0.0,0.0,0.0,0.0,0.0,0.0,0.0,0.0,0.0
exooxexeo,0.0,0.0,0.0,0.0,0.0,0.0,0.0,0.0,0.0
xxooxexeo,0.0,0.0,0.0,0.0,0.0,0.0,0.0,0.0,0.0
eexexeeoo,0.0,0.0,0.0,11.7,0.0,0.0,30.0,0.0,0.0
eexexexoo,0.0,0.0,0.0,0.0,0.0,0.0,0.0,0.0,0.0
xeeoexoee,0.0,0.0,0.0,0.0,3.6,0.0,0.0,0.0,0.0
xxooxxoxo,0.0,0.0,0.0,0.0,0.0,0.0,0.0,0.0,0.0
eeexoxexo,0.0,0.0,0.0,0.0,0.0,0.0,0.0,0.0,0.0
xxoxeeeoo,0.0,0.0,0.0,0.0,0.0,0.0,30.0,0.0,0.0
xxoxeexoo,0.0,0.0,0.0,0.0,0.0,0.0,0.0,0.0,0.0
oexexexeo,0.0,0.0,0.0,0.0,0.0,0.0,0.0,0.0,0.0
xexoeeeeo,0.0,0.0,0.0,0.0,0.0,0.0,0.0,3.3,0.0
xexoeeexo,0.0,0.0,0.0,0.0,0.0,0.0,0.0,0.0,0.0
xoxoeeexo,0.0,0.0,0.0,0.0,0.0,0.0,2.7,0.0,0.0
xoxoeexxo,0.0,0.0,0.0,0.0,0.0,0.0,0.0,0.0,0.0
xxoxeeeoe,0.0,0.0,0.0,0.0,0.0,0.0,0.0,0.0,0.0
xxoxeeooe,0.0,0.0,0.0,0.0,4.59,0.0,0.0,0.0,0.0
xxoxxeooe,0.0,0.0,0.0,0.0,0.0,0.0,0.0,0.0,0.0
xxoxxoooe,0.0,0.0,0.0,0.0,0.0,0.0,0.0,0.0,-2670.0
xxoxxooox,0.0,0.0,0.0,0.0,0.0,0.0,0.0,0.0,0.0
eeoeeeexe,0.0,0.0,0.0,0.0,0.0,0.0,0.0,0.0,3.0
eeoeeeexx,0.0,0.0,0.0,0.0,0.0,0.0,0.0,0.0,0.0
oeoeeeexx,0.0,5.4,0.0,0.0,0.0,0.0,0.0,0.0,0.0
oxoeeeexx,0.0,0.0,0.0,0.0,0.0,0.0,0.0,0.0,0.0
xxoeoxxeo,0.0,0.0,0.0,0.0,0.0,0.0,0.0,0.0,0.0
oexeoxeee,0.0,-0.3,0.0,0.0,0.0,0.0,0.0,0.0,0.0
oexexeexo,0.0,0.0,0.0,0.0,0.0,0.0,0.0,0.0,0.0
oexoxeexo,0.0,0.0,0.0,0.0,0.0,0.0,30.0,0.0,0.0
oexoxexxo,0.0,0.0,0.0,0.0,0.0,0.0,0.0,0.0,0.0
xeoeeeeox,0.0,0.0,0.0,0.0,30.0,0.0,0.0,0.0,0.0
xeoexeeox,0.0,0.0,0.0,0.0,0.0,0.0,0.0,0.0,0.0
exoexeexo,0.0,0.0,0.0,0.0,0.0,0.0,0.0,0.0,0.0
xeooxeoxe,0.0,30.0,0.0,0.0,0.0,0.0,0.0,0.0,0.0
xxooxeoxe,0.0,0.0,0.0,0.0,0.0,0.0,0.0,0.0,0.0
xooexxeoe,0.0,0.0,0.0,0.0,0.0,0.0,9.0,0.0,0.0
xooexxxoe,0.0,0.0,0.0,0.0,0.0,0.0,0.0,0.0,-6.0
xoooxxxoe,0.0,0.0,0.0,0.0,0.0,0.0,0.0,0.0,-2670.0
xoooxxxox,0.0,0.0,0.0,0.0,0.0,0.0,0.0,0.0,0.0
xeoxoxeeo,0.0,0.0,0.0,0.0,0.0,0.0,0.0,0.0,0.0
xeoxoxexo,0.0,0.0,0.0,0.0,0.0,0.0,0.0,0.0,0.0
xeeoeeoex,0.0,0.0,0.0,0.0,30.0,0.0,0.0,0.0,0.0
xeeoxeoex,0.0,0.0,0.0,0.0,0.0,0.0,0.0,0.0,0.0
eeexxeeoo,0.0,0.0,3.6,0.0,0.0,0.0,0.0,0.0,0.0
eexxxeeoo,0.0,0.0,0.0,0.0,0.0,0.0,0.0,0.0,0.0
eooxxoxee,0.0,0.0,0.0,0.0,0.0,0.0,0.0,0.3,0.0
eooxxoxxe,0.0,0.0,0.0,0.0,0.0,0.0,0.0,0.0,0.0
exeoxoxee,0.0,0.0,0.0,0.0,0.0,0.0,0.0,0.0,0.0
eexoxeoxe,0.0,0.0,0.0,0.0,0.0,0.0,0.0,0.0,0.0
eexoxeoxo,6.0,0.0,0.0,0.0,0.0,0.0,0.0,0.0,0.0
xexoxeoxo,0.0,0.0,0.0,0.0,0.0,0.0,0.0,0.0,0.0
xxeoeeeeo,0.0,0.0,0.0,0.0,0.0,3.0,0.0,0.0,0.0
xxeoexeeo,0.0,0.0,0.0,0.0,0.0,0.0,0.0,0.0,0.0
xxooexeeo,0.0,0.0,0.0,0.0,0.0,0.0,0.0,2.7,0.0
xxooexexo,0.0,0.0,0.0,0.0,0.0,0.0,0.0,0.0,0.0
eeexxooxe,0.0,0.0,0.0,0.0,0.0,0.0,0.0,0.0,0.0
eeexxooxo,0.0,30.0,0.0,0.0,0.0,0.0,0.0,0.0,0.0
exexxooxo,0.0,0.0,0.0,0.0,0.0,0.0,0.0,0.0,0.0
oexxxeeoo,0.0,0.0,0.0,0.0,0.0,0.0,30.0,0.0,0.0
oexxxexoo,0.0,0.0,0.0,0.0,0.0,0.0,0.0,0.0,0.0
eeoeeoexx,0.0,0.0,0.0,0.0,0.0,0.0,30.0,0.0,0.0
eeoeeoxxx,0.0,0.0,0.0,0.0,0.0,0.0,0.0,0.0,0.0
exeoxoxoe,0.0,0.0,30.0,0.0,0.0,0.0,0.0,0.0,0.0
exxoxoxoe,0.0,0.0,0.0,0.0,0.0,0.0,0.0,0.0,0.0
oeoxxxoex,0.0,0.0,0.0,0.0,0.0,0.0,0.0,0.0,0.0
xeexeeoeo,0.0,0.0,0.0,0.0,0.0,0.0,0.0,0.3,0.0
xeexeeoxo,0.0,0.0,0.0,0.0,0.0,0.0,0.0,0.0,0.0
eeexxeoeo,0.0,0.0,0.0,0.0,0.0,30.0,0.0,0.0,0.0
eeexxxoeo,0.0,0.0,0.0,0.0,0.0,0.0,0.0,0.0,0.0
xeoeeeoxe,0.0,0.0,0.0,0.0,6.0,0.0,0.0,0.0,0.0
xeoexeoxe,0.0,0.0,0.0,0.0,0.0,0.0,0.0,0.0,0.0
oeexxeexo,0.0,0.0,0.0,0.0,0.0,0.0,0.0,0.0,0.0
eeexxoxeo,0.0,0.0,0.0,0.0,0.0,0.0,0.0,0.0,0.0
xexexoeoo,0.0,0.0,0.0,6.0,0.0,0.0,0.0,0.0,0.0
xexxxoeoo,0.0,0.0,0.0,0.0,0.0,0.0,0.0,0.0,0.0
xoooxxoxe,0.0,0.0,0.0,0.0,0.0,0.0,0.0,0.0,0.0
eeeeeeoxe,0.0,0.0,0.0,0.0,0.0,0.0,0.0,0.0,0.0
eexeeeoxe,0.0,0.648,0.0,2.4,0.0,0.0,0.0,0.0,0.0
eexoeeoxe,0.0,0.0,0.0,0.0,0.0,0.0,0.0,0.0,0.0
xooexexoe,0.0,0.0,0.0,0.0,0.0,0.0,0.0,0.0,0.0
xooexxxoo,0.0,0.0,0.0,0.0,0.0,0.0,0.0,0.0,0.0
ooeexxeex,0.0,0.0,0.0,0.0,0.0,0.0,0.0,-3.0,0.0
ooeexxeox,0.0,0.0,0.0,0.0,0.0,0.0,0.0,0.0,0.0
exxexeoeo,0.0,0.0,0.0,0.0,0.0,0.0,0.0,0.0,0.0
exxoxeoeo,0.0,0.0,0.0,0.0,0.0,0.0,0.0,0.0,0.0
eeeooexxe,0.0,0.0,0.0,0.0,0.0,0.0,0.0,0.0,0.0
oexooxxxe,0.0,0.0,0.0,0.0,0.0,0.0,0.0,0.0,30.0
oexooxxxo,0.0,0.0,0.0,0.0,0.0,0.0,0.0,0.0,0.0
eooxxeexe,0.0,0.0,0.0,0.0,0.0,0.0,0.0,0.0,0.0
eooxxeoxe,0.0,0.0,0.0,0.0,0.0,0.0,0.0,0.0,0.0
eooxxeoxx,30.0,0.0,0.0,0.0,0.0,0.0,0.0,0.0,0.0
oxexoeeee,0.0,0.0,0.0,0.0,0.0,0.0,0.0,0.0,0.0
xoeeeeeee,0.0,0.0,0.0,0.0,0.0,0.0,0.0,0.0,0.0
oxoxeeeex,0.0,0.0,0.0,0.0,0.0,0.0,2.4,0.0,0.0
oxoxeeoex,0.0,0.0,0.0,0.0,0.0,0.0,0.0,0.0,0.0
eoxeeeeee,0.0,0.0,0.0,0.0,0.0,0.0,0.0,0.0,0.0
eoxexxoee,-2.7,0.0,0.0,0.0,0.0,0.0,0.0,0.0,0.0
ooxexxoee,0.0,0.0,0.0,0.0,0.0,0.0,0.0,0.0,0.0
eoxeeeoxe,0.0,0.0,0.0,0.0,0.0,0.0,0.0,0.0,0.0
xoxoexoxe,0.0,0.0,0.0,0.0,-3.0,0.0,0.0,0.0,0.0
xoxooxoxe,0.0,0.0,0.0,0.0,0.0,0.0,0.0,0.0,0.0
oexeexeee,0.0,0.0,0.0,0.0,0.0,0.0,0.0,0.0,0.0
oexoexeee,0.0,0.0,0.0,0.0,0.0,0.0,0.0,0.0,0.0
ooxxeeexe,0.0,0.0,0.0,0.0,2.4,0.0,0.0,0.0,0.0
ooxxoeexe,0.0,0.0,0.0,0.0,0.0,0.0,0.0,0.0,0.0
oexexoexe,0.0,-3.0,0.0,0.0,0.0,0.0,0.0,0.0,0.0
ooxexoexx,0.0,0.0,0.0,-3.0,0.0,0.0,0.0,0.0,0.0
xooxeeeex,0.0,0.0,0.0,0.0,0.0,0.0,0.0,0.0,0.0
xooxeeoex,0.0,0.0,0.0,0.0,0.0,0.0,0.0,0.0,0.0
eeeeeeoex,0.0,0.0,0.0,0.0,0.0,0.0,0.0,0.0,0.0
eexeeeoex,0.0,-2.7,0.0,0.0,0.0,0.0,0.0,0.0,0.0
eoxeeeoex,0.0,0.0,0.0,0.0,0.0,0.0,0.0,0.0,0.0
eoxxeeoex,0.0,0.0,0.0,0.0,0.0,0.0,0.0,0.0,0.0
eoxxeooex,0.0,0.0,0.0,0.0,0.0,0.0,0.0,0.0,0.0
xoxxeooex,0.0,0.0,0.0,0.0,3.0,0.0,0.0,0.0,0.0
xoxxoooex,0.0,0.0,0.0,0.0,0.0,0.0,0.0,0.0,0.0
eeeoeeeex,0.0,0.0,0.0,0.0,0.0,0.0,0.0,0.0,0.0
oxeoexeex,0.0,0.0,0.0,0.0,0.0,0.0,0.0,0.0,0.0
oxeooxeex,0.0,0.0,0.0,0.0,0.0,0.0,0.0,0.0,0.0
ooxeeexex,0.0,0.0,0.0,0.0,0.0,-5.4,0.0,0.0,0.0
ooxeeoxex,0.0,0.0,0.0,0.0,0.0,0.0,0.0,0.0,0.0
eeeeeeexo,0.0,0.0,0.0,0.0,0.0,0.0,0.0,0.0,0.0
oexeeexxo,0.0,0.0,0.0,0.0,30.0,0.0,0.0,0.0,0.0
oexeoexxo,0.0,0.0,0.0,0.0,0.0,0.0,0.0,0.0,0.0
eexeeeeox,0.0,0.0,0.0,0.0,0.0,0.0,-3.0,0.0,0.0
eexeeeoox,0.0,0.0,0.0,0.0,0.0,0.0,0.0,0.0,0.0
eeeeeoeex,0.0,0.0,0.0,0.0,0.0,0.0,0.0,0.0,0.0
xeeeeoeex,0.0,0.0,0.0,0.0,0.0,0.0,-2.7,0.0,0.0
xeeeeooex,0.0,0.0,0.0,0.0,0.0,0.0,0.0,0.0,0.0
xeeeeooxx,0.0,-2.4,0.0,0.0,0.0,0.0,0.0,0.0,0.0
xoeeeooxx,0.0,0.0,0.0,0.0,0.0,0.0,0.0,0.0,0.0
xoexeooxx,0.0,0.0,0.0,0.0,3.0,0.0,0.0,0.0,0.0
xoexoooxx,0.0,0.0,0.0,0.0,0.0,0.0,0.0,0.0,0.0
oeoeexexe,0.0,0.0,0.0,0.0,0.0,0.0,0.0,0.0,0.0
oeoeexxxe,0.0,0.0,0.0,0.0,3.0,0.0,0.0,0.0,0.0
oeoeoxxxe,0.0,0.0,0.0,0.0,0.0,0.0,0.0,0.0,0.0
eeeeexeoe,0.0,0.0,0.0,0.0,0.0,0.0,0.0,0.0,0.0
oeeeeexxe,0.0,0.0,0.0,0.0,0.0,-2.4,0.0,0.0,0.0
oeeeeoxxe,0.0,0.0,0.0,0.0,0.0,0.0,0.0,0.0,0.0
oeexeoxxe,0.0,0.0,3.0,0.0,0.0,0.0,0.0,0.0,0.0
oeoxeoxxe,0.0,0.0,0.0,0.0,0.0,0.0,0.0,0.0,0.0
xeeeeeoxe,0.0,0.0,0.0,-0.51,0.0,0.0,0.0,0.0,0.0
xeeoeeoxe,0.0,0.0,0.0,0.0,0.0,0.0,0.0,0.0,0.0
xexoeeoxe,0.0,-0.3,0.0,0.0,-0.3,0.0,0.0,0.0,0.0
xexooeoxe,0.0,0.0,0.0,0.0,0.0,0.0,0.0,0.0,0.0
eoeeeexee,0.0,0.0,0.0,0.0,0.0,0.0,0.0,0.0,0.0
eoeeeexxe,0.0,0.0,0.0,0.0,0.0,0.0,0.0,0.0,0.3
eoeeeexxo,0.0,0.0,0.0,0.0,0.0,0.0,0.0,0.0,0.0
xoeeeexxo,0.0,0.0,0.0,0.0,0.0,0.0,0.0,0.0,0.0
xoeeeoxxo,0.0,0.0,0.0,0.0,0.0,0.0,0.0,0.0,0.0
xoxoeeoxe,0.0,0.0,0.0,0.0,0.0,0.0,0.0,0.0,0.0
xoeeeeexe,0.0,0.0,0.0,0.0,0.0,0.0,0.0,0.0,0.0
xoeeeeexo,0.0,0.0,0.0,0.0,0.0,0.0,0.0,0.0,0.0
xoeexeexo,0.0,0.0,0.0,0.0,0.0,2.4,0.0,0.0,0.0
xoeexoexo,0.0,0.0,0.0,0.0,0.0,0.0,0.0,0.0,0.0
eeexeeoxe,0.0,0.0,0.0,0.0,0.0,0.51,0.0,0.0,0.0
eeexeooxe,0.0,0.0,0.0,0.0,0.0,0.0,0.0,0.0,0.0
eeoxeeeee,0.0,0.0,0.0,0.0,0.0,0.0,0.0,0.0,0.0
oeexeeeex,0.0,2.4,0.0,0.0,0.0,0.0,0.0,0.0,0.0
ooexeeeex,0.0,0.0,0.0,0.0,0.0,0.0,0.0,0.0,0.0
ooxexeoxx,0.0,0.0,0.0,30.0,0.0,0.0,0.0,0.0,0.0
ooxoxeoxx,0.0,0.0,0.0,0.0,0.0,0.0,0.0,0.0,0.0
eeexeooxx,0.0,0.0,2.7,0.0,0.0,0.0,0.0,0.0,0.0
eeoxeooxx,0.0,0.0,0.0,0.0,0.0,0.0,0.0,0.0,0.0
xeoxooexe,0.0,0.0,0.0,0.0,0.0,0.0,0.0,0.0,0.0
exeeexeeo,0.0,0.0,0.3,0.0,0.0,0.0,0.0,0.0,0.0
exoeexeeo,0.0,0.0,0.0,0.0,0.0,0.0,0.0,0.0,0.0
